Date,time,Wind Speed(m/s),Wind Direction(degree),Atmospheric Temperature(°C),Atmospheric Humidity(%),24-hour Cumulative Rainfall(mm/24h),Solar Radiation(W/m2)
2026-06-09,00:00:27,0.0,0,15.2,63.6,0.0,0
2026-06-09,00:01:27,0.0,0,15.2,63.7,0.0,0
2026-06-09,00:02:27,0.0,0,15.2,63.7,0.0,0
2026-06-09,00:03:28,0.0,0,15.2,63.7,0.0,0
2026-06-09,00:04:27,0.0,0,15.3,63.8,0.0,0
2026-06-09,00:05:28,0.0,0,15.2,63.8,0.0,0
2026-06-09,00:06:28,0.0,0,15.2,63.7,0.0,0
2026-06-09,00:07:28,0.0,0,15.2,63.7,0.0,0
2026-06-09,00:08:28,0.0,0,15.2,63.7,0.0,0
2026-06-09,00:09:28,0.0,0,15.2,63.6,0.0,0
2026-06-09,00:10:28,0.0,0,15.2,63.6,0.0,0
2026-06-09,00:11:28,0.0,0,15.2,63.6,0.0,0
2026-06-09,00:12:28,0.0,0,15.2,63.6,0.0,0
2026-06-09,00:13:28,0.0,0,15.2,63.6,0.0,0
2026-06-09,00:14:28,0.0,0,15.2,63.6,0.0,0
2026-06-09,00:15:28,0.0,0,15.2,63.6,0.0,0
2026-06-09,00:16:28,0.0,0,15.2,63.6,0.0,0
2026-06-09,00:17:28,0.0,0,15.2,63.6,0.0,0
2026-06-09,00:18:28,0.0,0,15.2,63.5,0.0,0
2026-06-09,00:19:28,0.0,0,15.2,63.6,0.0,0
2026-06-09,00:20:29,0.0,0,15.2,63.5,0.0,0
2026-06-09,00:21:29,0.0,0,15.2,63.6,0.0,0
2026-06-09,00:22:29,0.0,0,15.2,63.6,0.0,0
2026-06-09,00:23:29,0.0,0,15.2,63.5,0.0,0
2026-06-09,00:24:29,0.0,0,15.2,63.6,0.0,0
2026-06-09,00:25:29,0.0,0,15.2,63.5,0.0,0
2026-06-09,00:26:29,0.0,0,15.2,63.6,0.0,0
2026-06-09,00:27:29,0.0,0,15.2,63.5,0.0,0
2026-06-09,00:28:29,0.0,0,15.2,63.5,0.0,0
2026-06-09,00:29:29,0.0,0,15.2,63.5,0.0,0
2026-06-09,00:30:29,0.0,0,15.2,63.5,0.0,0
2026-06-09,00:31:29,0.0,0,15.2,63.5,0.0,0
2026-06-09,00:32:29,0.0,0,15.2,63.5,0.0,0
2026-06-09,00:33:29,0.0,0,15.2,63.4,0.0,0
2026-06-09,00:34:29,0.0,0,15.2,63.5,0.0,0
2026-06-09,00:35:30,0.0,0,15.2,63.5,0.0,0
2026-06-09,00:36:30,0.0,0,15.2,63.5,0.0,0
2026-06-09,00:37:30,0.0,0,15.2,63.5,0.0,0
2026-06-09,00:38:30,0.0,0,15.2,63.4,0.0,0
2026-06-09,00:39:30,0.0,0,15.2,63.4,0.0,0
2026-06-09,00:40:30,0.0,0,15.2,63.3,0.0,0
2026-06-09,00:41:30,0.0,0,15.2,63.4,0.0,0
2026-06-09,00:42:30,0.0,0,15.2,63.4,0.0,0
2026-06-09,00:43:30,0.0,0,15.2,63.4,0.0,0
2026-06-09,00:44:30,0.0,0,15.2,63.4,0.0,0
2026-06-09,00:45:30,0.0,0,15.1,63.4,0.0,0
2026-06-09,00:46:30,0.0,0,15.2,63.4,0.0,0
2026-06-09,00:47:30,0.0,0,15.2,63.4,0.0,0
2026-06-09,00:48:30,0.0,0,15.2,63.3,0.0,0
2026-06-09,00:49:30,0.0,0,15.2,63.3,0.0,0
2026-06-09,00:50:30,0.0,0,15.2,63.4,0.0,0
2026-06-09,00:51:31,0.0,0,15.2,63.4,0.0,0
2026-06-09,00:52:31,0.0,0,15.2,63.3,0.0,0
2026-06-09,00:53:31,0.0,0,15.2,63.3,0.0,0
2026-06-09,00:54:31,0.0,0,15.2,63.3,0.0,0
2026-06-09,00:55:31,0.0,0,15.2,63.3,0.0,0
2026-06-09,00:56:31,0.0,0,15.2,63.3,0.0,0
2026-06-09,00:57:31,0.0,0,15.2,63.3,0.0,0
2026-06-09,00:58:31,0.0,0,15.2,63.3,0.0,0
2026-06-09,00:59:31,0.0,0,15.2,63.3,0.0,0
2026-06-09,01:00:31,0.0,0,15.2,63.3,0.0,0
2026-06-09,01:01:31,0.0,0,15.2,63.2,0.0,0
2026-06-09,01:02:31,0.0,0,15.2,63.3,0.0,0
2026-06-09,01:03:31,0.0,0,15.2,63.3,0.0,0
2026-06-09,01:04:31,0.0,0,15.2,63.2,0.0,0
2026-06-09,01:05:31,0.0,0,15.2,63.2,0.0,0
2026-06-09,01:06:32,0.0,0,15.2,63.1,0.0,0
2026-06-09,01:07:31,0.0,0,15.2,63.3,0.0,0
2026-06-09,01:08:32,0.0,0,15.2,63.3,0.0,0
2026-06-09,01:09:32,0.0,0,15.2,63.3,0.0,0
2026-06-09,01:10:32,0.0,0,15.2,63.2,0.0,0
2026-06-09,01:11:32,0.0,0,15.1,63.2,0.0,0
2026-06-09,01:12:32,0.0,0,15.2,63.1,0.0,0
2026-06-09,01:13:32,0.0,0,15.2,63.2,0.0,0
2026-06-09,01:14:32,0.0,0,15.2,63.2,0.0,0
2026-06-09,01:15:32,0.0,0,15.1,63.2,0.0,0
2026-06-09,01:16:32,0.0,0,15.2,63.2,0.0,0
2026-06-09,01:17:32,0.0,0,15.2,63.2,0.0,0
2026-06-09,01:18:32,0.0,0,15.2,63.2,0.0,0
2026-06-09,01:19:32,0.0,0,15.2,63.1,0.0,0
2026-06-09,01:20:32,0.0,0,15.2,63.2,0.0,0
2026-06-09,01:21:33,0.0,0,15.2,63.2,0.0,0
2026-06-09,01:22:32,0.0,0,15.2,63.1,0.0,0
2026-06-09,01:23:33,0.0,0,15.2,63.2,0.0,0
2026-06-09,01:24:33,0.0,0,15.2,63.2,0.0,0
2026-06-09,01:25:33,0.0,0,15.2,63.1,0.0,0
2026-06-09,01:26:33,0.0,0,15.2,63.1,0.0,0
2026-06-09,01:27:33,0.0,0,15.2,63.1,0.0,0
2026-06-09,01:28:33,0.0,0,15.2,63.1,0.0,0
2026-06-09,01:29:33,0.0,0,15.2,63.1,0.0,0
2026-06-09,01:30:33,0.0,0,15.2,63.2,0.0,0
2026-06-09,01:31:33,0.0,0,15.2,63.1,0.0,0
2026-06-09,01:32:33,0.0,0,15.2,63.1,0.0,0
2026-06-09,01:33:33,0.0,0,15.2,63.1,0.0,0
2026-06-09,01:34:33,0.0,0,15.2,63.2,0.0,0
2026-06-09,01:35:33,0.0,0,15.2,63.1,0.0,0
2026-06-09,01:36:33,0.0,0,15.2,63.2,0.0,0
2026-06-09,01:37:33,0.0,0,15.2,63.2,0.0,0
2026-06-09,01:38:33,0.0,0,15.1,63.1,0.0,0
2026-06-09,01:39:33,0.0,0,15.2,63.2,0.0,0
2026-06-09,01:40:34,0.0,0,15.2,63.2,0.0,0
2026-06-09,01:41:34,0.0,0,15.2,63.2,0.0,0
2026-06-09,01:42:34,0.0,0,15.2,63.1,0.0,0
2026-06-09,01:43:34,0.0,0,15.1,63.2,0.0,0
2026-06-09,01:44:34,0.0,0,15.2,63.1,0.0,0
2026-06-09,01:45:34,0.0,0,15.2,63.1,0.0,0
2026-06-09,01:46:34,0.0,0,15.2,63.1,0.0,0
2026-06-09,01:47:34,0.0,0,15.1,63.1,0.0,0
2026-06-09,01:48:34,0.0,0,15.1,63.1,0.0,0
2026-06-09,01:49:34,0.0,0,15.2,63.1,0.0,0
2026-06-09,01:50:34,0.0,0,15.1,63.0,0.0,0
2026-06-09,01:51:34,0.0,0,15.2,63.2,0.0,0
2026-06-09,01:52:34,0.0,0,15.2,63.1,0.0,0
2026-06-09,01:53:34,0.0,0,15.2,63.1,0.0,0
2026-06-09,01:54:34,0.0,0,15.2,63.1,0.0,0
2026-06-09,01:55:35,0.0,0,15.2,63.1,0.0,0
2026-06-09,01:56:35,0.0,0,15.2,63.1,0.0,0
2026-06-09,01:57:35,0.0,0,15.1,63.0,0.0,0
2026-06-09,01:58:35,0.0,0,15.1,63.1,0.0,0
2026-06-09,01:59:35,0.0,0,15.2,63.1,0.0,0
2026-06-09,02:00:35,0.0,0,15.1,63.1,0.0,0
2026-06-09,02:01:35,0.0,0,15.2,63.1,0.0,0
2026-06-09,02:02:35,0.0,0,15.2,63.1,0.0,0
2026-06-09,02:03:35,0.0,0,15.2,63.1,0.0,0
2026-06-09,02:04:35,0.0,0,15.2,63.0,0.0,0
2026-06-09,02:05:35,0.0,0,15.2,63.0,0.0,0
2026-06-09,02:06:35,0.0,0,15.2,63.0,0.0,0
2026-06-09,02:07:35,0.0,0,15.1,63.0,0.0,0
2026-06-09,02:08:35,0.0,0,15.1,63.1,0.0,0
2026-06-09,02:09:35,0.0,0,15.2,63.1,0.0,0
2026-06-09,02:10:36,0.0,0,15.2,63.1,0.0,0
2026-06-09,02:11:35,0.0,0,15.2,63.1,0.0,0
2026-06-09,02:12:36,0.0,0,15.2,63.1,0.0,0
2026-06-09,02:13:36,0.0,0,15.2,63.1,0.0,0
2026-06-09,02:14:36,0.0,0,15.2,63.1,0.0,0
2026-06-09,02:15:36,0.0,0,15.2,63.1,0.0,0
2026-06-09,02:16:36,0.0,0,15.2,63.1,0.0,0
2026-06-09,02:17:36,0.0,0,15.2,63.1,0.0,0
2026-06-09,02:18:36,0.0,0,15.2,63.0,0.0,0
2026-06-09,02:19:36,0.0,0,15.1,63.1,0.0,0
2026-06-09,02:20:36,0.0,0,15.1,63.1,0.0,0
2026-06-09,02:21:36,0.0,0,15.2,63.1,0.0,0
2026-06-09,02:22:36,0.0,0,15.2,63.1,0.0,0
2026-06-09,02:23:36,0.0,0,15.2,63.1,0.0,0
2026-06-09,02:24:36,0.0,0,15.2,63.0,0.0,0
2026-06-09,02:25:36,0.0,0,15.2,63.1,0.0,0
2026-06-09,02:26:36,0.0,0,15.1,63.1,0.0,0
2026-06-09,02:27:37,0.0,0,15.1,63.1,0.0,0
2026-06-09,02:28:37,0.0,0,15.2,63.1,0.0,0
2026-06-09,02:29:37,0.0,0,15.2,63.1,0.0,0
2026-06-09,02:30:37,0.0,0,15.2,63.1,0.0,0
2026-06-09,02:31:37,0.0,0,15.2,63.1,0.0,0
2026-06-09,02:32:37,0.0,0,15.2,63.1,0.0,0
2026-06-09,02:33:37,0.0,0,15.2,63.0,0.0,0
2026-06-09,02:34:37,0.0,0,15.2,63.1,0.0,0
2026-06-09,02:35:37,0.0,0,15.1,63.1,0.0,0
2026-06-09,02:36:37,0.0,0,15.2,63.1,0.0,0
2026-06-09,02:37:37,0.0,0,15.1,63.1,0.0,0
2026-06-09,02:38:37,0.0,0,15.1,63.1,0.0,0
2026-06-09,02:39:37,0.0,0,15.1,63.0,0.0,0
2026-06-09,02:40:37,0.0,0,15.2,63.2,0.0,0
2026-06-09,02:41:37,0.0,0,15.2,63.1,0.0,0
2026-06-09,02:42:37,0.0,0,15.2,63.1,0.0,0
2026-06-09,02:43:38,0.0,0,15.1,63.1,0.0,0
2026-06-09,02:44:38,0.0,0,15.2,63.1,0.0,0
2026-06-09,02:45:38,0.0,0,15.2,63.1,0.0,0
2026-06-09,02:46:38,0.0,0,15.2,63.0,0.0,0
2026-06-09,02:47:38,0.0,0,15.1,63.1,0.0,0
2026-06-09,02:48:38,0.0,0,15.1,63.0,0.0,0
2026-06-09,02:49:38,0.0,0,15.2,63.1,0.0,0
2026-06-09,02:50:38,0.0,0,15.1,63.1,0.0,0
2026-06-09,02:51:38,0.0,0,15.1,63.0,0.0,0
2026-06-09,02:52:38,0.0,0,15.1,63.0,0.0,0
2026-06-09,02:53:38,0.0,0,15.2,63.0,0.0,0
2026-06-09,02:54:38,0.0,0,15.2,63.0,0.0,0
2026-06-09,02:55:38,0.0,0,15.1,63.0,0.0,0
2026-06-09,02:56:38,0.0,0,15.1,63.1,0.0,0
2026-06-09,02:57:38,0.0,0,15.1,63.0,0.0,0
2026-06-09,02:58:38,0.0,0,15.2,63.1,0.0,0
2026-06-09,02:59:39,0.0,0,15.2,63.1,0.0,0
2026-06-09,03:00:39,0.0,0,15.1,63.1,0.0,0
2026-06-09,03:01:39,0.0,0,15.2,63.1,0.0,0
2026-06-09,03:02:39,0.0,0,15.2,63.0,0.0,0
2026-06-09,03:03:39,0.0,0,15.1,63.1,0.0,0
2026-06-09,03:04:39,0.0,0,15.1,63.0,0.0,0
2026-06-09,03:05:39,0.0,0,15.2,63.0,0.0,0
2026-06-09,03:06:39,0.0,0,15.2,63.1,0.0,0
2026-06-09,03:07:39,0.0,0,15.1,63.0,0.0,0
2026-06-09,03:08:39,0.0,0,15.2,63.0,0.0,0
2026-06-09,03:09:39,0.0,0,15.2,63.0,0.0,0
2026-06-09,03:10:39,0.0,0,15.2,63.0,0.0,0
2026-06-09,03:11:39,0.0,0,15.2,63.0,0.0,0
2026-06-09,03:12:39,0.0,0,15.2,63.0,0.0,0
2026-06-09,03:13:39,0.0,0,15.2,63.0,0.0,0
2026-06-09,03:14:40,0.0,0,15.1,63.0,0.0,0
2026-06-09,03:15:40,0.0,0,15.1,63.0,0.0,0
2026-06-09,03:16:40,0.0,0,15.1,63.1,0.0,0
2026-06-09,03:17:40,0.0,0,15.1,63.0,0.0,0
2026-06-09,03:18:40,0.0,0,15.1,63.0,0.0,0
2026-06-09,03:19:40,0.0,0,15.2,63.1,0.0,0
2026-06-09,03:20:40,0.0,0,15.1,63.0,0.0,0
2026-06-09,03:21:40,0.0,0,15.1,63.0,0.0,0
2026-06-09,03:22:40,0.0,0,15.1,63.0,0.0,0
2026-06-09,03:23:40,0.0,0,15.1,63.0,0.0,0
2026-06-09,03:24:40,0.0,0,15.2,63.1,0.0,0
2026-06-09,03:25:40,0.0,0,15.1,63.0,0.0,0
2026-06-09,03:26:40,0.0,0,15.1,63.0,0.0,0
2026-06-09,03:27:40,0.0,0,15.1,63.0,0.0,0
2026-06-09,03:28:40,0.0,0,15.2,63.0,0.0,0
2026-06-09,03:29:41,0.0,0,15.1,63.0,0.0,0
2026-06-09,03:30:41,0.0,0,15.1,63.1,0.0,0
2026-06-09,03:31:41,0.0,0,15.1,63.1,0.0,0
2026-06-09,03:32:41,0.0,0,15.1,63.0,0.0,0
2026-06-09,03:33:41,0.0,0,15.1,63.0,0.0,0
2026-06-09,03:34:41,0.0,0,15.2,63.0,0.0,0
2026-06-09,03:35:41,0.0,0,15.1,63.0,0.0,0
2026-06-09,03:36:41,0.0,0,15.1,63.1,0.0,0
2026-06-09,03:37:41,0.0,0,15.1,63.0,0.0,0
2026-06-09,03:38:41,0.0,0,15.2,63.0,0.0,0
2026-06-09,03:39:41,0.0,0,15.1,63.0,0.0,0
2026-06-09,03:40:41,0.0,0,15.1,63.1,0.0,0
2026-06-09,03:41:41,0.0,0,15.1,63.1,0.0,0
2026-06-09,03:42:41,0.0,0,15.1,63.0,0.0,0
2026-06-09,03:43:41,0.0,0,15.1,63.0,0.0,0
2026-06-09,03:44:41,0.0,0,15.1,63.1,0.0,0
2026-06-09,03:45:42,0.0,0,15.1,63.0,0.0,0
2026-06-09,03:46:42,0.0,0,15.1,63.1,0.0,0
2026-06-09,03:47:42,0.0,0,15.1,63.0,0.0,0
2026-06-09,03:48:42,0.0,0,15.1,63.0,0.0,0
2026-06-09,03:49:42,0.0,0,15.1,63.0,0.0,0
2026-06-09,03:50:42,0.0,0,15.2,63.1,0.0,0
2026-06-09,03:51:42,0.0,0,15.1,63.1,0.0,0
2026-06-09,03:52:42,0.0,0,15.1,63.0,0.0,0
2026-06-09,03:53:42,0.0,0,15.1,63.0,0.0,0
2026-06-09,03:54:42,0.0,0,15.1,63.1,0.0,0
2026-06-09,03:55:42,0.0,0,15.1,63.1,0.0,0
2026-06-09,03:56:42,0.0,0,15.1,63.1,0.0,0
2026-06-09,03:57:42,0.0,0,15.1,63.0,0.0,0
2026-06-09,03:58:42,0.0,0,15.1,63.1,0.0,0
2026-06-09,03:59:42,0.0,0,15.2,63.1,0.0,0
2026-06-09,04:00:43,0.0,0,15.1,63.1,0.0,0
2026-06-09,04:01:42,0.0,0,15.1,63.1,0.0,0
2026-06-09,04:02:43,0.0,0,15.1,63.1,0.0,0
2026-06-09,04:03:43,0.0,0,15.1,63.0,0.0,0
2026-06-09,04:04:43,0.0,0,15.1,63.0,0.0,0
2026-06-09,04:05:43,0.0,0,15.1,63.1,0.0,0
2026-06-09,04:06:43,0.0,0,15.1,63.1,0.0,0
2026-06-09,04:07:43,0.0,0,15.1,63.1,0.0,0
2026-06-09,04:08:43,0.0,0,15.1,63.1,0.0,0
2026-06-09,04:09:43,0.0,0,15.1,63.1,0.0,0
2026-06-09,04:10:43,0.0,0,15.1,63.0,0.0,0
2026-06-09,04:11:43,0.0,0,15.1,63.0,0.0,0
2026-06-09,04:12:43,0.0,0,15.1,63.1,0.0,0
2026-06-09,04:13:43,0.0,0,15.1,63.1,0.0,0
2026-06-09,04:14:43,0.0,0,15.1,63.0,0.0,0
2026-06-09,04:15:43,0.0,0,15.1,63.1,0.0,0
2026-06-09,04:16:43,0.0,0,15.1,63.0,0.0,0
2026-06-09,04:17:43,0.0,0,15.1,63.1,0.0,0
2026-06-09,04:18:44,0.0,0,15.1,63.1,0.0,0
2026-06-09,04:19:44,0.0,0,15.1,63.1,0.0,0
2026-06-09,04:20:44,0.0,0,15.1,63.0,0.0,0
2026-06-09,04:21:44,0.0,0,15.1,63.0,0.0,0
2026-06-09,04:22:44,0.0,0,15.1,63.1,0.0,0
2026-06-09,04:23:44,0.0,0,15.1,63.1,0.0,0
2026-06-09,04:24:44,0.0,0,15.1,63.1,0.0,0
2026-06-09,04:25:44,0.0,0,15.1,63.1,0.0,0
2026-06-09,04:26:44,0.0,0,15.1,63.1,0.0,0
2026-06-09,04:27:44,0.0,0,15.1,63.1,0.0,0
2026-06-09,04:28:44,0.0,0,15.1,63.1,0.0,0
2026-06-09,04:29:44,0.0,0,15.1,63.0,0.0,0
2026-06-09,04:30:44,0.0,0,15.1,63.1,0.0,0
2026-06-09,04:31:44,0.0,0,15.1,63.1,0.0,0
2026-06-09,04:32:44,0.0,0,15.1,63.0,0.0,0
2026-06-09,04:33:45,0.0,0,15.1,63.2,0.0,0
2026-06-09,04:34:45,0.0,0,15.1,63.0,0.0,0
2026-06-09,04:35:45,0.0,0,15.1,63.1,0.0,0
2026-06-09,04:36:45,0.0,0,15.1,63.1,0.0,0
2026-06-09,04:37:45,0.0,0,15.1,63.1,0.0,0
2026-06-09,04:38:45,0.0,0,15.1,63.1,0.0,0
2026-06-09,04:39:45,0.0,0,15.1,63.1,0.0,0
2026-06-09,04:40:45,0.0,0,15.1,63.2,0.0,0
2026-06-09,04:41:45,0.0,0,15.1,63.1,0.0,0
2026-06-09,04:42:45,0.0,0,15.1,63.1,0.0,0
2026-06-09,04:43:45,0.0,0,15.1,63.1,0.0,0
2026-06-09,04:44:45,0.0,0,15.1,63.1,0.0,0
2026-06-09,04:45:45,0.0,0,15.1,63.1,0.0,0
2026-06-09,04:46:45,0.0,0,15.1,63.1,0.0,0
2026-06-09,04:47:45,0.0,0,15.1,63.1,0.0,0
2026-06-09,04:48:45,0.0,0,15.1,63.1,0.0,0
2026-06-09,04:49:46,0.0,0,15.1,63.1,0.0,0
2026-06-09,04:50:46,0.0,0,15.1,63.1,0.0,0
2026-06-09,04:51:46,0.0,0,15.1,63.1,0.0,0
2026-06-09,04:52:46,0.0,0,15.1,63.1,0.0,0
2026-06-09,04:53:46,0.0,0,15.1,63.1,0.0,0
2026-06-09,04:54:46,0.0,0,15.1,63.1,0.0,0
2026-06-09,04:55:46,0.0,0,15.1,63.1,0.0,0
2026-06-09,04:56:46,0.0,0,15.1,63.1,0.0,0
2026-06-09,04:57:46,0.0,0,15.1,63.1,0.0,0
2026-06-09,04:58:46,0.0,0,15.1,63.1,0.0,0
2026-06-09,04:59:46,0.0,0,15.1,63.1,0.0,0
2026-06-09,05:00:46,0.0,0,15.1,63.1,0.0,0
2026-06-09,05:01:46,0.0,0,15.1,63.1,0.0,0
2026-06-09,05:02:46,0.0,0,15.1,63.1,0.0,0
2026-06-09,05:03:46,0.0,0,15.1,63.0,0.0,0
2026-06-09,05:04:47,0.0,0,15.1,63.0,0.0,0
2026-06-09,05:05:47,0.0,0,15.1,63.0,0.0,0
2026-06-09,05:06:47,0.0,0,15.1,62.9,0.0,0
2026-06-09,05:07:47,0.0,0,15.1,63.0,0.0,0
2026-06-09,05:08:47,0.0,0,15.1,62.9,0.0,0
2026-06-09,05:09:47,0.0,0,15.1,62.9,0.0,0
2026-06-09,05:10:47,0.0,0,15.1,63.0,0.0,0
2026-06-09,05:11:47,0.0,0,15.1,63.0,0.0,0
2026-06-09,05:12:47,0.0,0,15.1,63.0,0.0,0
2026-06-09,05:13:47,0.0,0,15.1,63.0,0.0,0
2026-06-09,05:14:47,0.0,0,15.1,63.0,0.0,0
2026-06-09,05:15:47,0.0,0,15.1,63.0,0.0,0
2026-06-09,05:16:47,0.0,0,15.1,62.9,0.0,0
2026-06-09,05:17:48,0.0,0,15.1,63.0,0.0,0
2026-06-09,05:18:47,0.0,0,15.1,63.0,0.0,0
2026-06-09,05:19:48,0.0,0,15.0,62.9,0.0,0
2026-06-09,05:20:48,0.0,0,15.0,63.0,0.0,0
2026-06-09,05:21:48,0.0,0,15.1,62.9,0.0,0
2026-06-09,05:22:48,0.0,0,15.1,63.0,0.0,0
2026-06-09,05:23:48,0.0,0,15.0,62.9,0.0,0
2026-06-09,05:24:48,0.0,0,15.1,62.9,0.0,0
2026-06-09,05:25:48,0.0,0,15.1,62.9,0.0,0
2026-06-09,05:26:48,0.0,0,15.1,63.0,0.0,0
2026-06-09,05:27:48,0.0,0,15.0,62.9,0.0,0
2026-06-09,05:28:48,0.0,0,15.1,63.0,0.0,0
2026-06-09,05:29:48,0.0,0,15.1,62.9,0.0,0
2026-06-09,05:30:48,0.0,0,15.0,62.9,0.0,0
2026-06-09,05:31:48,0.0,0,15.1,62.9,0.0,0
2026-06-09,05:32:48,0.0,0,15.1,62.9,0.0,0
2026-06-09,05:33:48,0.0,0,15.0,63.0,0.0,0
2026-06-09,05:34:48,0.0,0,15.0,62.9,0.0,0
2026-06-09,05:35:49,0.0,0,15.1,63.0,0.0,0
2026-06-09,05:36:48,0.0,0,15.1,62.9,0.0,0
2026-06-09,05:37:49,0.0,0,15.1,62.9,0.0,0
2026-06-09,05:38:49,0.0,0,15.0,62.9,0.0,0
2026-06-09,05:39:49,0.0,0,15.0,62.9,0.0,0
2026-06-09,05:40:49,0.0,0,15.0,63.0,0.0,0
2026-06-09,05:41:49,0.0,0,15.0,63.0,0.0,0
2026-06-09,05:42:49,0.0,0,15.1,62.9,0.0,0
2026-06-09,05:43:49,0.0,0,15.0,62.9,0.0,0
2026-06-09,05:44:49,0.0,0,15.0,63.0,0.0,0
2026-06-09,05:45:49,0.0,0,15.0,63.0,0.0,0
2026-06-09,05:46:49,0.0,0,15.0,62.9,0.0,0
2026-06-09,05:47:49,0.0,0,15.0,62.9,0.0,0
2026-06-09,05:48:49,0.0,0,15.0,62.9,0.0,0
2026-06-09,05:49:49,0.0,0,15.1,62.9,0.0,0
2026-06-09,05:50:49,0.0,0,15.0,62.9,0.0,0
2026-06-09,05:51:50,0.0,0,15.0,62.9,0.0,0
2026-06-09,05:52:50,0.0,0,15.1,63.0,0.0,0
2026-06-09,05:53:50,0.0,0,15.0,63.0,0.0,0
2026-06-09,05:54:50,0.0,0,15.0,62.9,0.0,0
2026-06-09,05:55:50,0.0,0,15.0,62.9,0.0,0
2026-06-09,05:56:50,0.0,0,15.0,62.9,0.0,0
2026-06-09,05:57:50,0.0,0,15.1,63.0,0.0,0
2026-06-09,05:58:50,0.0,0,15.0,62.9,0.0,0
2026-06-09,05:59:50,0.0,0,15.1,62.9,0.0,0
2026-06-09,06:00:50,0.0,0,15.0,62.9,0.0,0
2026-06-09,06:01:50,0.0,0,15.0,63.0,0.0,0
2026-06-09,06:02:50,0.0,0,15.0,63.0,0.0,0
2026-06-09,06:03:50,0.0,0,15.1,63.0,0.0,0
2026-06-09,06:04:51,0.0,0,15.0,63.0,0.0,0
2026-06-09,06:05:51,0.0,0,15.0,63.0,0.0,0
2026-06-09,06:06:51,0.0,0,15.1,63.0,0.0,0
2026-06-09,06:07:51,0.0,0,15.1,62.9,0.0,0
2026-06-09,06:08:51,0.0,0,15.0,62.9,0.0,0
2026-06-09,06:09:51,0.0,0,15.0,62.9,0.0,0
2026-06-09,06:10:51,0.0,0,15.0,62.8,0.0,0
2026-06-09,06:11:51,0.0,0,15.1,62.9,0.0,0
2026-06-09,06:12:51,0.0,0,15.0,62.8,0.0,0
2026-06-09,06:13:51,0.0,0,15.1,62.7,0.0,0
2026-06-09,06:14:51,0.0,0,15.0,62.7,0.0,0
2026-06-09,06:15:51,0.0,0,15.1,62.6,0.0,0
2026-06-09,06:16:51,0.0,0,15.1,62.6,0.0,0
2026-06-09,06:17:51,0.0,0,15.0,62.5,0.0,0
2026-06-09,06:18:51,0.0,0,15.1,62.5,0.0,0
2026-06-09,06:19:51,0.0,0,15.0,62.6,0.0,0
2026-06-09,06:20:52,0.0,0,15.0,62.5,0.0,0
2026-06-09,06:21:51,0.0,0,15.0,62.5,0.0,0
2026-06-09,06:22:52,0.0,0,15.0,62.6,0.0,0
2026-06-09,06:23:52,0.0,0,15.0,62.6,0.0,0
2026-06-09,06:24:52,0.0,0,15.0,62.5,0.0,0
2026-06-09,06:25:52,0.0,0,15.0,62.6,0.0,0
2026-06-09,06:26:52,0.0,0,15.0,62.6,0.0,0
2026-06-09,06:27:52,0.0,0,15.0,62.6,0.0,0
2026-06-09,06:28:52,0.0,0,15.0,62.5,0.0,0
2026-06-09,06:29:52,0.0,0,15.0,62.6,0.0,0
2026-06-09,06:30:52,0.0,0,15.0,62.6,0.0,0
2026-06-09,06:31:52,0.0,0,14.9,62.7,0.0,0
2026-06-09,06:32:52,0.0,0,15.0,62.6,0.0,0
2026-06-09,06:33:52,0.0,0,14.9,62.7,0.0,0
2026-06-09,06:34:52,0.0,0,14.9,62.7,0.0,0
2026-06-09,06:35:52,0.0,0,14.9,62.7,0.0,0
2026-06-09,06:36:53,0.0,0,14.9,62.7,0.0,0
2026-06-09,06:37:53,0.0,0,14.9,62.8,0.0,0
2026-06-09,06:38:53,0.0,0,14.9,62.9,0.0,0
2026-06-09,06:39:53,0.0,0,14.9,62.8,0.0,0
2026-06-09,06:40:53,0.0,0,14.9,62.9,0.0,0
2026-06-09,06:41:53,0.0,0,14.8,62.9,0.0,0
2026-06-09,06:42:53,0.0,0,14.9,63.0,0.0,0
2026-06-09,06:43:53,0.0,0,14.8,63.1,0.0,0
2026-06-09,06:44:53,0.0,0,14.8,63.1,0.0,0
2026-06-09,06:45:53,0.0,0,14.8,63.0,0.0,0
2026-06-09,06:46:53,0.0,0,14.8,63.1,0.0,0
2026-06-09,06:47:53,0.0,0,14.8,63.3,0.0,0
2026-06-09,06:48:53,0.0,0,14.8,63.9,0.0,0
2026-06-09,06:49:53,0.0,0,14.8,64.2,0.0,0
2026-06-09,06:50:53,0.0,0,14.8,65.2,0.0,0
2026-06-09,06:51:53,0.0,0,14.7,66.0,0.0,0
2026-06-09,06:52:54,0.0,0,14.8,65.1,0.0,0
2026-06-09,06:53:54,0.0,0,14.8,65.0,0.0,0
2026-06-09,06:54:54,0.0,0,14.7,64.5,0.0,0
2026-06-09,06:55:54,0.0,0,14.7,64.4,0.0,0
2026-06-09,06:56:54,0.0,0,14.7,65.0,0.0,0
2026-06-09,06:57:54,0.0,0,14.7,64.9,0.0,0
2026-06-09,06:58:54,0.0,0,14.7,64.8,0.0,0
2026-06-09,06:59:54,0.0,0,14.7,64.9,0.0,0
2026-06-09,07:00:54,0.0,0,14.7,64.9,0.0,0
2026-06-09,07:01:54,0.0,0,14.7,65.1,0.0,0
2026-06-09,07:02:54,0.0,0,14.7,65.0,0.0,0
2026-06-09,07:03:54,0.0,0,14.7,64.9,0.0,0
2026-06-09,07:04:54,0.0,0,14.7,64.9,0.0,0
2026-06-09,07:05:54,0.0,0,14.7,64.9,0.0,0
2026-06-09,07:06:54,0.0,0,14.7,65.0,0.0,0
2026-06-09,07:07:54,0.0,0,14.7,65.0,0.0,0
2026-06-09,07:08:54,0.0,0,14.7,65.0,0.0,0
2026-06-09,07:09:55,0.0,0,14.7,65.1,0.0,0
2026-06-09,07:10:55,0.0,0,14.7,65.2,0.0,0
2026-06-09,07:11:55,0.0,0,14.7,65.3,0.0,0
2026-06-09,07:12:55,0.0,0,14.7,65.4,0.0,0
2026-06-09,07:13:55,0.0,0,14.8,65.4,0.0,0
2026-06-09,07:14:55,0.0,0,14.7,65.5,0.0,0
2026-06-09,07:15:55,0.0,0,14.8,65.5,0.0,0
2026-06-09,07:16:55,0.0,0,14.8,65.7,0.0,0
2026-06-09,07:17:55,0.0,0,14.7,65.7,0.0,0
2026-06-09,07:18:55,0.0,0,14.7,65.7,0.0,0
2026-06-09,07:19:55,0.0,0,14.7,65.8,0.0,0
2026-06-09,07:20:55,0.0,0,14.7,65.8,0.0,0
2026-06-09,07:21:55,0.0,0,14.7,65.9,0.0,0
2026-06-09,07:22:55,0.0,0,14.8,66.0,0.0,0
2026-06-09,07:23:56,0.0,0,14.8,65.9,0.0,0
2026-06-09,07:24:55,0.0,0,14.8,66.0,0.0,0
2026-06-09,07:25:56,0.0,0,14.8,65.9,0.0,0
2026-06-09,07:26:56,0.0,0,14.8,65.9,0.0,0
2026-06-09,07:27:56,0.0,0,14.8,66.0,0.0,0
2026-06-09,07:28:56,0.0,0,14.8,65.9,0.0,0
2026-06-09,07:29:56,0.0,0,14.8,66.0,0.0,0
2026-06-09,07:30:56,0.0,0,14.8,65.9,0.0,0
2026-06-09,07:31:56,0.0,0,14.8,65.8,0.0,0
2026-06-09,07:32:56,0.0,0,14.8,65.8,0.0,0
2026-06-09,07:33:56,0.0,0,14.8,65.7,0.0,0
2026-06-09,07:34:56,0.0,0,14.8,65.7,0.0,0
2026-06-09,07:35:56,0.0,0,14.8,65.7,0.0,0
2026-06-09,07:36:56,0.0,0,14.8,65.6,0.0,0
2026-06-09,07:37:56,0.0,0,14.8,65.5,0.0,0
2026-06-09,07:38:56,0.0,0,14.8,65.4,0.0,0
2026-06-09,07:39:56,0.0,0,14.9,65.3,0.0,0
2026-06-09,07:40:57,0.0,0,14.8,65.3,0.0,0
2026-06-09,07:41:57,0.0,0,14.8,65.3,0.0,0
2026-06-09,07:42:57,0.0,0,14.8,65.2,0.0,0
2026-06-09,07:43:57,0.0,0,14.8,65.1,0.0,0
2026-06-09,07:44:57,0.0,0,14.8,65.1,0.0,0
2026-06-09,07:45:57,0.0,0,14.8,65.0,0.0,0
2026-06-09,07:46:57,0.0,0,14.8,65.0,0.0,0
2026-06-09,07:47:57,0.0,0,14.8,65.0,0.0,0
2026-06-09,07:48:57,0.0,0,14.8,65.0,0.0,0
2026-06-09,07:49:57,0.0,0,14.8,64.9,0.0,0
2026-06-09,07:50:57,0.0,0,14.8,64.8,0.0,0
2026-06-09,07:51:57,0.0,0,14.8,64.9,0.0,0
2026-06-09,07:52:57,0.0,0,14.8,64.8,0.0,0
2026-06-09,07:53:57,0.0,0,14.9,64.9,0.0,0
2026-06-09,07:54:57,0.0,0,14.8,64.8,0.0,0
2026-06-09,07:55:57,0.0,0,14.8,64.7,0.0,0
2026-06-09,07:56:58,0.0,0,14.8,64.8,0.0,0
2026-06-09,07:57:58,0.0,0,14.8,64.7,0.0,0
2026-06-09,07:58:58,0.0,0,14.8,64.7,0.0,0
2026-06-09,07:59:58,0.0,0,14.8,64.7,0.0,0
2026-06-09,08:00:58,0.0,0,14.8,64.7,0.0,0
2026-06-09,08:01:58,0.0,0,14.8,64.6,0.0,0
2026-06-09,08:02:58,0.0,0,14.8,64.6,0.0,0
2026-06-09,08:03:58,0.0,0,14.8,64.6,0.0,0
2026-06-09,08:04:58,0.0,0,14.8,64.6,0.0,0
2026-06-09,08:05:58,0.0,0,14.8,64.6,0.0,0
2026-06-09,08:06:58,0.0,0,14.8,64.7,0.0,0
2026-06-09,08:07:58,0.0,0,14.8,64.6,0.0,0
2026-06-09,08:08:58,0.0,0,14.8,64.6,0.0,0
2026-06-09,08:09:58,0.0,0,14.8,64.5,0.0,0
2026-06-09,08:10:58,0.0,0,14.8,64.5,0.0,0
2026-06-09,08:11:58,0.0,0,14.8,64.6,0.0,0
2026-06-09,08:12:58,0.0,0,14.8,64.5,0.0,0
2026-06-09,08:13:59,0.0,0,14.8,64.5,0.0,0
2026-06-09,08:14:59,0.0,0,14.8,64.5,0.0,0
2026-06-09,08:15:59,0.0,0,14.8,64.5,0.0,0
2026-06-09,08:16:59,0.0,0,14.8,64.5,0.0,0
2026-06-09,08:17:59,0.0,0,14.8,64.5,0.0,0
2026-06-09,08:18:59,0.0,0,14.8,64.5,0.0,0
2026-06-09,08:19:59,0.0,0,14.8,64.5,0.0,0
2026-06-09,08:20:59,0.0,0,14.8,64.5,0.0,0
2026-06-09,08:21:59,0.0,0,14.8,64.4,0.0,0
2026-06-09,08:22:59,0.0,0,14.8,64.5,0.0,0
2026-06-09,08:23:59,0.0,0,14.8,64.3,0.0,0
2026-06-09,08:24:59,0.0,0,14.8,64.3,0.0,0
2026-06-09,08:25:59,0.0,0,14.8,64.4,0.0,0
2026-06-09,08:26:59,0.0,0,14.8,64.3,0.0,0
2026-06-09,08:28:00,0.0,0,14.8,64.3,0.0,0
2026-06-09,08:28:59,0.0,0,14.8,64.5,0.0,0
2026-06-09,08:30:00,0.0,0,14.7,64.4,0.0,0
2026-06-09,08:31:00,0.0,0,14.8,64.4,0.0,0
2026-06-09,08:32:00,0.0,0,14.8,64.5,0.0,0
2026-06-09,08:33:00,0.0,0,14.8,64.4,0.0,0
2026-06-09,08:34:00,0.0,0,14.8,64.4,0.0,0
2026-06-09,08:35:00,0.0,0,14.8,64.3,0.0,0
2026-06-09,08:36:00,0.0,0,14.8,64.4,0.0,0
2026-06-09,08:37:00,0.0,0,14.7,64.4,0.0,0
2026-06-09,08:38:00,0.0,0,14.8,64.4,0.0,0
2026-06-09,08:39:00,0.0,0,14.7,64.3,0.0,0
2026-06-09,08:40:00,0.0,0,14.7,64.3,0.0,0
2026-06-09,08:41:00,0.0,0,14.7,64.4,0.0,0
2026-06-09,08:42:00,0.0,0,14.7,64.5,0.0,0
2026-06-09,08:43:01,0.0,0,14.7,64.5,0.0,0
2026-06-09,08:44:00,0.0,0,14.7,64.5,0.0,0
2026-06-09,08:45:01,0.0,0,14.7,64.6,0.0,0
2026-06-09,08:46:01,0.0,0,14.7,64.6,0.0,0
2026-06-09,08:47:01,0.0,0,14.7,64.7,0.0,0
2026-06-09,08:48:01,0.0,0,14.7,64.6,0.0,0
2026-06-09,08:49:01,0.0,0,14.7,64.6,0.0,0
2026-06-09,08:50:01,0.0,0,14.7,64.6,0.0,0
2026-06-09,08:51:01,0.0,0,14.7,64.6,0.0,0
2026-06-09,08:52:01,0.0,0,14.8,64.5,0.0,0
2026-06-09,08:53:01,0.0,0,14.8,64.5,0.0,0
2026-06-09,08:54:01,0.0,0,14.8,64.5,0.0,0
2026-06-09,08:55:01,0.0,0,14.8,64.6,0.0,0
2026-06-09,08:56:01,0.0,0,14.8,64.5,0.0,0
2026-06-09,08:57:01,0.0,0,14.8,64.4,0.0,0
2026-06-09,08:58:01,0.0,0,14.8,64.4,0.0,0
2026-06-09,08:59:01,0.0,0,14.8,64.4,0.0,0
2026-06-09,09:00:02,0.0,0,14.9,64.4,0.0,0
2026-06-09,09:01:02,0.0,0,14.8,64.2,0.0,0
2026-06-09,09:02:02,0.0,0,14.9,64.2,0.0,0
2026-06-09,09:03:02,0.0,0,14.9,64.1,0.0,0
2026-06-09,09:04:02,0.0,0,14.9,64.1,0.0,0
2026-06-09,09:05:02,0.0,0,14.9,64.0,0.0,0
2026-06-09,09:06:02,0.0,0,14.9,64.0,0.0,0
2026-06-09,09:07:02,0.0,0,15.0,63.9,0.0,0
2026-06-09,09:08:02,0.0,0,14.9,63.8,0.0,0
2026-06-09,09:09:02,0.0,0,15.0,63.8,0.0,0
2026-06-09,09:10:02,0.0,0,15.0,63.7,0.0,0
2026-06-09,09:11:02,0.0,0,15.0,63.7,0.0,0
2026-06-09,09:12:02,0.0,0,15.0,63.8,0.0,0
2026-06-09,09:13:02,0.0,0,15.0,63.6,0.0,0
2026-06-09,09:14:02,0.0,0,15.0,63.5,0.0,0
2026-06-09,09:15:02,0.0,0,15.0,63.5,0.0,0
2026-06-09,09:16:02,0.0,0,15.0,63.5,0.0,0
2026-06-09,09:17:02,0.0,0,15.0,63.5,0.0,0
2026-06-09,09:18:03,0.0,0,15.0,63.4,0.0,0
2026-06-09,09:19:03,0.0,0,15.0,63.5,0.0,0
2026-06-09,09:20:03,0.0,0,15.0,63.4,0.0,0
2026-06-09,09:21:03,0.0,0,15.0,63.3,0.0,0
2026-06-09,09:22:03,0.0,0,15.1,63.3,0.0,0
2026-06-09,09:23:03,0.0,0,15.0,63.3,0.0,0
2026-06-09,09:24:03,0.0,0,15.1,63.3,0.0,0
2026-06-09,09:25:03,0.0,0,15.0,63.3,0.0,0
2026-06-09,09:26:03,0.0,0,15.0,63.3,0.0,0
2026-06-09,09:27:03,0.0,0,15.1,63.3,0.0,0
2026-06-09,09:28:03,0.0,0,15.1,63.4,0.0,0
2026-06-09,09:29:03,0.0,0,15.1,63.7,0.0,0
2026-06-09,09:30:03,0.0,0,15.1,63.6,0.0,0
2026-06-09,09:31:04,0.0,0,15.0,64.0,0.0,0
2026-06-09,09:32:03,0.0,0,15.0,63.9,0.0,0
2026-06-09,09:33:04,0.0,0,15.0,63.8,0.0,0
2026-06-09,09:34:04,0.0,0,15.0,64.1,0.0,0
2026-06-09,09:35:04,0.0,0,15.0,64.2,0.0,0
2026-06-09,09:36:04,0.0,0,15.0,64.2,0.0,0
2026-06-09,09:37:04,0.0,0,15.0,64.1,0.0,0
2026-06-09,09:38:04,0.0,0,15.0,64.1,0.0,0
2026-06-09,09:39:04,0.0,0,15.0,64.2,0.0,0
2026-06-09,09:40:04,0.0,0,15.0,64.2,0.0,0
2026-06-09,09:41:04,0.0,0,15.0,64.1,0.0,0
2026-06-09,09:42:04,0.0,0,15.0,64.1,0.0,0
2026-06-09,09:43:04,0.0,0,15.0,64.1,0.0,0
2026-06-09,09:44:04,0.0,0,15.0,64.3,0.0,0
2026-06-09,09:45:04,0.0,0,15.0,64.2,0.0,0
2026-06-09,09:46:04,0.0,0,15.0,64.2,0.0,0
2026-06-09,09:47:05,0.0,0,15.0,64.2,0.0,0
2026-06-09,09:48:05,0.0,0,15.0,64.2,0.0,0
2026-06-09,09:49:05,0.0,0,15.1,64.3,0.0,0
2026-06-09,09:50:05,0.0,0,15.0,64.3,0.0,0
2026-06-09,09:51:05,0.0,0,15.1,64.3,0.0,0
2026-06-09,09:52:05,0.0,0,15.0,64.2,0.0,0
2026-06-09,09:53:05,0.0,0,15.0,64.2,0.0,0
2026-06-09,09:54:05,0.0,0,15.1,64.2,0.0,0
2026-06-09,09:55:05,0.0,0,15.0,64.3,0.0,0
2026-06-09,09:56:05,0.0,0,15.1,64.2,0.0,0
2026-06-09,09:57:05,0.0,0,15.1,64.2,0.0,0
2026-06-09,09:58:05,0.0,0,15.0,64.2,0.0,0
2026-06-09,09:59:05,0.0,0,15.1,64.2,0.0,0
2026-06-09,10:00:05,0.0,0,15.0,64.3,0.0,0
2026-06-09,10:01:05,0.0,0,15.1,64.3,0.0,0
2026-06-09,10:02:05,0.0,0,15.1,64.3,0.0,0
2026-06-09,10:03:06,0.0,0,15.1,64.3,0.0,0
2026-06-09,10:04:06,0.0,0,15.1,64.1,0.0,0
2026-06-09,10:05:06,0.0,0,15.1,64.2,0.0,0
2026-06-09,10:06:06,0.0,0,15.1,64.1,0.0,0
2026-06-09,10:07:06,0.0,0,15.1,64.1,0.0,0
2026-06-09,10:08:06,0.0,0,15.2,64.1,0.0,0
2026-06-09,10:09:06,0.0,0,15.1,64.1,0.0,0
2026-06-09,10:10:06,0.0,0,15.2,64.0,0.0,0
2026-06-09,10:11:06,0.0,0,15.2,64.0,0.0,0
2026-06-09,10:12:06,0.0,0,15.2,64.0,0.0,0
2026-06-09,10:13:06,0.0,0,15.2,63.9,0.0,0
2026-06-09,10:14:06,0.0,0,15.2,63.9,0.0,0
2026-06-09,10:15:06,0.0,0,15.2,64.0,0.0,0
2026-06-09,10:16:06,0.0,0,15.2,63.9,0.0,0
2026-06-09,10:17:06,0.0,0,15.2,63.8,0.0,0
2026-06-09,10:18:07,0.0,0,15.2,63.7,0.0,0
2026-06-09,10:19:06,0.0,0,15.2,63.7,0.0,0
2026-06-09,10:20:07,0.0,0,15.2,63.7,0.0,0
2026-06-09,10:21:07,0.0,0,15.2,63.7,0.0,0
2026-06-09,10:22:07,0.0,0,15.3,63.7,0.0,0
2026-06-09,10:23:07,0.0,0,15.3,63.5,0.0,0
2026-06-09,10:24:07,0.0,0,15.3,63.6,0.0,0
2026-06-09,10:25:07,0.0,0,15.3,63.6,0.0,0
2026-06-09,10:26:07,0.0,0,15.3,63.6,0.0,0
2026-06-09,10:27:07,0.0,0,15.3,63.7,0.0,0
2026-06-09,10:28:07,0.0,0,15.3,63.7,0.0,0
2026-06-09,10:29:07,0.0,0,15.3,63.7,0.0,0
2026-06-09,10:30:07,0.0,0,15.3,63.7,0.0,0
2026-06-09,10:31:07,0.0,0,15.3,63.8,0.0,0
2026-06-09,10:32:07,0.0,0,15.3,63.7,0.0,0
2026-06-09,10:33:07,0.0,0,15.3,63.6,0.0,0
2026-06-09,10:34:07,0.0,0,15.4,63.7,0.0,0
2026-06-09,10:35:08,0.0,0,15.4,63.6,0.0,0
2026-06-09,10:36:08,0.0,0,15.3,63.5,0.0,0
2026-06-09,10:37:08,0.0,0,15.4,63.5,0.0,0
2026-06-09,10:38:08,0.0,0,15.4,63.6,0.0,0
2026-06-09,10:39:08,0.0,0,15.4,63.8,0.0,0
2026-06-09,10:40:08,0.0,0,15.4,63.9,0.0,0
2026-06-09,10:41:08,0.0,0,15.4,63.9,0.0,0
2026-06-09,10:42:08,0.0,0,15.4,64.0,0.0,0
2026-06-09,10:43:08,0.0,0,15.4,63.8,0.0,0
2026-06-09,10:44:08,0.0,0,15.4,63.8,0.0,0
2026-06-09,10:45:08,0.0,0,15.4,63.7,0.0,0
2026-06-09,10:46:08,0.0,0,15.4,63.8,0.0,0
2026-06-09,10:47:08,0.0,0,15.4,63.7,0.0,0
2026-06-09,10:48:08,0.0,0,15.4,63.7,0.0,0
2026-06-09,10:49:08,0.0,0,15.4,63.8,0.0,0
2026-06-09,10:50:08,0.0,0,15.4,63.7,0.0,0
2026-06-09,10:51:09,0.0,0,15.4,63.7,0.0,0
2026-06-09,10:52:09,0.0,0,15.4,63.7,0.0,0
2026-06-09,10:53:09,0.0,0,15.4,63.6,0.0,0
2026-06-09,10:54:09,0.0,0,15.4,63.6,0.0,0
2026-06-09,10:55:09,0.0,0,15.4,63.6,0.0,0
2026-06-09,10:56:09,0.0,0,15.4,63.6,0.0,0
2026-06-09,10:57:09,0.0,0,15.4,64.1,0.0,0
2026-06-09,10:58:09,0.0,0,15.4,65.4,0.0,0
2026-06-09,10:59:09,0.0,0,15.4,66.1,0.0,0
2026-06-09,11:00:09,0.0,0,15.4,66.6,0.0,0
2026-06-09,11:01:09,0.0,0,15.4,66.7,0.0,0
2026-06-09,11:02:09,0.0,0,15.4,66.5,0.0,0
2026-06-09,11:03:09,0.0,0,15.4,66.2,0.0,0
2026-06-09,11:04:09,0.0,0,15.4,65.8,0.0,0
2026-06-09,11:05:09,0.0,0,15.4,65.7,0.0,0
2026-06-09,11:06:10,0.0,0,15.4,65.6,0.0,0
2026-06-09,11:07:09,0.0,0,15.4,65.4,0.0,0
2026-06-09,11:08:10,0.0,0,15.4,65.4,0.0,0
2026-06-09,11:09:10,0.0,0,15.4,65.4,0.0,0
2026-06-09,11:10:10,0.0,0,15.4,65.4,0.0,0
2026-06-09,11:11:10,0.0,0,15.5,65.2,0.0,0
2026-06-09,11:12:10,0.0,0,15.4,65.1,0.0,0
2026-06-09,11:13:10,0.0,0,15.5,65.1,0.0,0
2026-06-09,11:14:10,0.0,0,15.5,65.0,0.0,0
2026-06-09,11:15:10,0.0,0,15.5,64.9,0.0,0
2026-06-09,11:16:10,0.0,0,15.5,64.8,0.0,0
2026-06-09,11:17:10,0.0,0,15.5,64.8,0.0,0
2026-06-09,11:18:10,0.0,0,15.6,64.8,0.0,0
2026-06-09,11:19:10,0.0,0,15.6,64.7,0.0,0
2026-06-09,11:20:10,0.0,0,15.5,64.6,0.0,0
2026-06-09,11:21:11,0.0,0,15.6,64.5,0.0,0
2026-06-09,11:22:10,0.0,0,15.6,64.5,0.0,0
2026-06-09,11:23:11,0.0,0,15.5,64.5,0.0,0
2026-06-09,11:24:11,0.0,0,15.6,64.3,0.0,0
2026-06-09,11:25:11,0.0,0,15.6,64.4,0.0,0
2026-06-09,11:26:11,0.0,0,15.6,64.4,0.0,0
2026-06-09,11:27:11,0.0,0,15.6,64.4,0.0,0
2026-06-09,11:28:11,0.0,0,15.6,64.3,0.0,0
2026-06-09,11:29:11,0.0,0,15.6,64.2,0.0,0
2026-06-09,11:30:11,0.0,0,15.6,64.2,0.0,0
2026-06-09,11:31:11,0.0,0,15.6,64.3,0.0,0
2026-06-09,11:32:11,0.0,0,15.6,64.1,0.0,0
2026-06-09,11:33:11,0.0,0,15.6,64.2,0.0,0
2026-06-09,11:34:11,0.0,0,15.6,64.2,0.0,0
2026-06-09,11:35:11,0.0,0,15.6,64.2,0.0,0
2026-06-09,11:36:11,0.0,0,15.6,64.1,0.0,0
2026-06-09,11:37:11,0.0,0,15.6,64.1,0.0,0
2026-06-09,11:38:12,0.0,0,15.6,64.1,0.0,0
2026-06-09,11:39:12,0.0,0,15.6,64.2,0.0,0
2026-06-09,11:40:12,0.0,0,15.6,64.2,0.0,0
2026-06-09,11:41:12,0.0,0,15.6,64.2,0.0,0
2026-06-09,11:42:12,0.0,0,15.6,64.4,0.0,0
2026-06-09,11:43:12,0.0,0,15.6,64.4,0.0,0
2026-06-09,11:44:12,0.0,0,15.6,64.3,0.0,0
2026-06-09,11:45:12,0.0,0,15.6,64.4,0.0,0
2026-06-09,11:46:12,0.0,0,15.6,64.6,0.0,0
2026-06-09,11:47:12,0.0,0,15.6,64.5,0.0,0
2026-06-09,11:48:12,0.0,0,15.6,64.6,0.0,0
2026-06-09,11:49:12,0.0,0,15.6,64.5,0.0,0
2026-06-09,11:50:12,0.0,0,15.6,64.4,0.0,0
2026-06-09,11:51:12,0.0,0,15.6,64.3,0.0,0
2026-06-09,11:52:13,0.0,0,15.6,64.3,0.0,0
2026-06-09,11:53:13,0.0,0,15.6,64.3,0.0,0
2026-06-09,11:54:13,0.0,0,15.6,64.3,0.0,0
2026-06-09,11:55:13,0.0,0,15.7,64.3,0.0,0
2026-06-09,11:56:13,0.0,0,15.7,64.4,0.0,0
2026-06-09,11:57:13,0.0,0,15.6,64.4,0.0,0
2026-06-09,11:58:13,0.0,0,15.7,64.5,0.0,0
2026-06-09,11:59:13,0.0,0,15.7,64.5,0.0,0
2026-06-09,12:00:13,0.0,0,15.7,64.5,0.0,0
2026-06-09,12:01:13,0.0,0,15.7,64.6,0.0,0
2026-06-09,12:02:13,0.0,0,15.7,64.6,0.0,0
2026-06-09,12:03:13,0.0,0,15.7,64.5,0.0,0
2026-06-09,12:04:13,0.0,0,15.7,64.5,0.0,0
2026-06-09,12:05:13,0.0,0,15.7,64.4,0.0,0
2026-06-09,12:06:13,0.0,0,15.7,64.4,0.0,0
2026-06-09,12:07:13,0.0,0,15.7,64.3,0.0,0
2026-06-09,12:08:13,0.0,0,15.7,64.3,0.0,0
2026-06-09,12:09:13,0.0,0,15.7,64.3,0.0,0
2026-06-09,12:10:14,0.0,0,15.7,64.2,0.0,0
2026-06-09,12:11:14,0.0,0,15.8,64.1,0.0,0
2026-06-09,12:12:14,0.0,0,15.8,64.1,0.0,0
2026-06-09,12:13:14,0.0,0,15.8,64.0,0.0,0
2026-06-09,12:14:14,0.0,0,15.8,64.0,0.0,0
2026-06-09,12:15:14,0.0,0,15.8,63.9,0.0,0
2026-06-09,12:16:14,0.0,0,15.8,63.8,0.0,0
2026-06-09,12:17:14,0.0,0,15.9,63.7,0.0,0
2026-06-09,12:18:14,0.0,0,15.8,63.7,0.0,0
2026-06-09,12:19:14,0.0,0,15.9,63.7,0.0,0
2026-06-09,12:20:14,0.0,0,15.9,63.6,0.0,0
2026-06-09,12:21:14,0.0,0,15.9,63.6,0.0,0
2026-06-09,12:22:14,0.0,0,15.9,63.6,0.0,0
2026-06-09,12:23:15,0.0,0,16.0,63.4,0.0,0
2026-06-09,12:24:14,0.0,0,16.0,63.5,0.0,0
2026-06-09,12:25:15,0.0,0,16.0,63.4,0.0,0
2026-06-09,12:26:15,0.0,0,16.0,63.4,0.0,0
2026-06-09,12:27:15,0.0,0,16.0,63.4,0.0,0
2026-06-09,12:28:15,0.0,0,16.0,63.3,0.0,0
2026-06-09,12:29:15,0.0,0,16.0,63.3,0.0,0
2026-06-09,12:30:15,0.0,0,16.0,63.1,0.0,0
2026-06-09,12:31:15,0.0,0,16.0,63.2,0.0,0
2026-06-09,12:32:15,0.0,0,16.1,63.2,0.0,0
2026-06-09,12:33:15,0.0,0,16.0,63.2,0.0,0
2026-06-09,12:34:15,0.0,0,16.0,63.2,0.0,0
2026-06-09,12:35:15,0.0,0,16.1,63.1,0.0,0
2026-06-09,12:36:15,0.0,0,16.1,63.0,0.0,0
2026-06-09,12:37:15,0.0,0,16.1,63.1,0.0,0
2026-06-09,12:38:15,0.0,0,16.1,63.1,0.0,0
2026-06-09,12:39:15,0.0,0,16.1,63.0,0.0,0
2026-06-09,12:40:16,0.0,0,16.1,63.0,0.0,0
2026-06-09,12:41:16,0.0,0,16.1,62.8,0.0,0
2026-06-09,12:42:16,0.0,0,16.1,63.0,0.0,0
2026-06-09,12:43:16,0.0,0,16.1,62.9,0.0,0
2026-06-09,12:44:16,0.0,0,16.2,62.9,0.0,0
2026-06-09,12:45:16,0.0,0,16.1,62.8,0.0,0
2026-06-09,12:46:16,0.0,0,16.1,62.9,0.0,0
2026-06-09,12:47:16,0.0,0,16.1,62.8,0.0,0
2026-06-09,12:48:16,0.0,0,16.2,62.8,0.0,0
2026-06-09,12:49:16,0.0,0,16.1,62.9,0.0,0
2026-06-09,12:50:16,0.0,0,16.2,62.8,0.0,0
2026-06-09,12:51:16,0.0,0,16.1,62.9,0.0,0
2026-06-09,12:52:16,0.0,0,16.2,62.8,0.0,0
2026-06-09,12:53:16,0.0,0,16.2,62.9,0.0,0
2026-06-09,12:54:16,0.0,0,16.1,62.9,0.0,0
2026-06-09,12:55:16,0.0,0,16.1,62.8,0.0,0
2026-06-09,12:56:17,0.0,0,16.1,62.8,0.0,0
2026-06-09,12:57:17,0.0,0,16.2,62.8,0.0,0
2026-06-09,12:58:17,0.0,0,16.1,62.9,0.0,0
2026-06-09,12:59:17,0.0,0,16.1,62.9,0.0,0
2026-06-09,13:00:17,0.0,0,16.1,63.0,0.0,0
2026-06-09,13:01:17,0.0,0,16.1,62.9,0.0,0
2026-06-09,13:02:17,0.0,0,16.1,63.2,0.0,0
2026-06-09,13:03:17,0.0,0,16.1,63.2,0.0,0
2026-06-09,13:04:17,0.0,0,16.1,63.3,0.0,0
2026-06-09,13:05:17,0.0,0,16.1,63.4,0.0,0
2026-06-09,13:06:17,0.0,0,16.1,63.3,0.0,0
2026-06-09,13:07:17,0.0,0,16.1,63.4,0.0,0
2026-06-09,13:08:17,0.0,0,16.1,63.3,0.0,0
2026-06-09,13:09:17,0.0,0,16.2,63.4,0.0,0
2026-06-09,13:10:17,0.0,0,16.2,63.3,0.0,0
2026-06-09,13:11:18,0.0,0,16.2,63.2,0.0,0
2026-06-09,13:12:18,0.0,0,16.2,63.2,0.0,0
2026-06-09,13:13:18,0.0,0,16.2,63.1,0.0,0
2026-06-09,13:14:18,0.0,0,16.2,63.1,0.0,0
2026-06-09,13:15:18,0.0,0,16.2,63.1,0.0,0
2026-06-09,13:16:18,0.0,0,16.1,63.2,0.0,0
2026-06-09,13:17:18,0.0,0,16.2,63.1,0.0,0
2026-06-09,13:18:18,0.0,0,16.2,63.2,0.0,0
2026-06-09,13:19:18,0.0,0,16.2,63.2,0.0,0
2026-06-09,13:20:18,0.0,0,16.2,63.1,0.0,0
2026-06-09,13:21:18,0.0,0,16.2,63.3,0.0,0
2026-06-09,13:22:18,0.0,0,16.2,63.5,0.0,0
2026-06-09,13:23:18,0.0,0,16.1,63.7,0.0,0
2026-06-09,13:24:18,0.0,0,16.1,63.9,0.0,0
2026-06-09,13:25:18,0.0,0,16.1,64.0,0.0,0
2026-06-09,13:26:19,0.0,0,16.1,63.9,0.0,0
2026-06-09,13:27:18,0.0,0,16.1,64.0,0.0,0
2026-06-09,13:28:19,0.0,0,16.0,64.0,0.0,0
2026-06-09,13:29:19,0.0,0,16.1,64.0,0.0,0
2026-06-09,13:30:19,0.0,0,16.0,64.1,0.0,0
2026-06-09,13:31:19,0.0,0,16.1,64.1,0.0,0
2026-06-09,13:32:19,0.0,0,16.1,64.2,0.0,0
2026-06-09,13:33:19,0.0,0,16.1,64.2,0.0,0
2026-06-09,13:34:19,0.0,0,16.0,64.1,0.0,0
2026-06-09,13:35:19,0.0,0,16.1,64.2,0.0,0
2026-06-09,13:36:19,0.0,0,16.1,64.1,0.0,0
2026-06-09,13:37:19,0.0,0,16.1,64.0,0.0,0
2026-06-09,13:38:19,0.0,0,16.1,63.9,0.0,0
2026-06-09,13:39:19,0.0,0,16.1,63.9,0.0,0
2026-06-09,13:40:19,0.0,0,16.1,63.8,0.0,0
2026-06-09,13:41:19,0.0,0,16.1,63.9,0.0,0
2026-06-09,13:42:20,0.0,0,16.1,63.8,0.0,0
2026-06-09,13:43:20,0.0,0,16.1,63.9,0.0,0
2026-06-09,13:44:20,0.0,0,16.1,63.8,0.0,0
2026-06-09,13:45:20,0.0,0,16.1,63.8,0.0,0
2026-06-09,13:46:20,0.0,0,16.1,63.8,0.0,0
2026-06-09,13:47:20,0.0,0,16.1,64.1,0.0,0
2026-06-09,13:48:20,0.0,0,16.2,64.4,0.0,0
2026-06-09,13:49:20,0.0,0,16.2,64.5,0.0,0
2026-06-09,13:50:14,0.0,0,16.1,64.6,0.0,0
2026-06-09,13:51:14,0.0,0,16.1,64.7,0.0,0
2026-06-09,13:52:14,0.0,0,16.2,64.7,0.0,0
2026-06-09,13:53:14,0.0,0,16.2,64.6,0.0,0
2026-06-09,13:54:14,0.0,0,16.1,64.5,0.0,0
2026-06-09,13:55:14,0.0,0,16.2,64.2,0.0,0
2026-06-09,13:56:14,0.0,0,16.2,64.2,0.0,0
2026-06-09,13:57:14,0.0,0,16.1,64.2,0.0,0
2026-06-09,13:58:14,0.0,0,16.1,64.1,0.0,0
2026-06-09,13:59:14,0.0,0,16.1,64.0,0.0,0
2026-06-09,14:00:14,0.0,0,16.1,64.0,0.0,0
2026-06-09,14:01:14,0.0,0,16.1,64.0,0.0,0
2026-06-09,14:02:15,0.0,0,16.1,64.0,0.0,0
2026-06-09,14:03:14,0.0,0,16.1,64.0,0.0,0
2026-06-09,14:04:15,0.0,0,16.1,64.2,0.0,0
2026-06-09,14:05:15,0.0,0,16.2,64.2,0.0,0
2026-06-09,14:06:15,0.0,0,16.2,64.3,0.0,0
2026-06-09,14:07:15,0.0,0,16.1,64.2,0.0,0
2026-06-09,14:08:15,0.0,0,16.2,64.2,0.0,0
2026-06-09,14:09:15,0.0,0,16.1,64.2,0.0,0
2026-06-09,14:10:15,0.0,0,16.2,64.2,0.0,0
2026-06-09,14:11:15,0.0,0,16.2,64.2,0.0,0
2026-06-09,14:12:15,0.0,0,16.2,64.2,0.0,0
2026-06-09,14:13:15,0.0,0,16.2,64.1,0.0,0
2026-06-09,14:14:15,0.0,0,16.2,64.1,0.0,0
2026-06-09,14:15:15,0.0,0,16.2,64.1,0.0,0
2026-06-09,14:16:15,0.0,0,16.2,64.1,0.0,0
2026-06-09,14:17:15,0.0,0,16.2,64.1,0.0,0
2026-06-09,14:18:16,0.0,0,16.2,64.1,0.0,0
2026-06-09,14:19:16,0.0,0,16.2,64.1,0.0,0
2026-06-09,14:20:15,0.0,0,16.2,64.3,0.0,0
2026-06-09,14:21:16,0.0,0,16.2,64.4,0.0,0
2026-06-09,14:22:16,0.0,0,16.1,64.4,0.0,0
2026-06-09,14:23:16,0.0,0,16.1,64.5,0.0,0
2026-06-09,14:24:16,0.0,0,16.1,64.4,0.0,0
2026-06-09,14:25:16,0.0,0,16.1,64.4,0.0,0
2026-06-09,14:26:16,0.0,0,16.1,64.7,0.0,0
2026-06-09,14:27:16,0.0,0,16.1,64.7,0.0,0
2026-06-09,14:28:16,0.0,0,16.1,64.7,0.0,0
2026-06-09,14:29:16,0.0,0,16.1,65.1,0.0,0
2026-06-09,14:30:16,0.0,0,16.1,64.8,0.0,0
2026-06-09,14:31:16,0.0,0,16.1,64.8,0.0,0
2026-06-09,14:32:16,0.0,0,16.1,64.7,0.0,0
2026-06-09,14:33:16,0.0,0,16.1,64.8,0.0,0
2026-06-09,14:34:17,0.0,0,16.2,64.8,0.0,0
2026-06-09,14:35:17,0.0,0,16.2,64.8,0.0,0
2026-06-09,14:36:17,0.0,0,16.2,64.8,0.0,0
2026-06-09,14:37:17,0.0,0,16.2,64.8,0.0,0
2026-06-09,14:38:17,0.0,0,16.2,64.7,0.0,0
2026-06-09,14:39:17,0.0,0,16.2,64.7,0.0,0
2026-06-09,14:40:17,0.0,0,16.2,64.6,0.0,0
2026-06-09,14:41:17,0.0,0,16.3,64.6,0.0,0
2026-06-09,14:42:17,0.0,0,16.2,64.5,0.0,0
2026-06-09,14:43:17,0.0,0,16.3,64.5,0.0,0
2026-06-09,14:44:17,0.0,0,16.3,64.4,0.0,0
2026-06-09,14:45:17,0.0,0,16.3,64.5,0.0,0
2026-06-09,14:46:17,0.0,0,16.3,64.3,0.0,0
2026-06-09,14:47:17,0.0,0,16.4,64.2,0.0,0
2026-06-09,14:48:18,0.0,0,16.4,64.2,0.0,0
2026-06-09,14:49:17,0.0,0,16.3,64.1,0.0,0
2026-06-09,14:50:18,0.0,0,16.4,64.1,0.0,0
2026-06-09,14:51:18,0.0,0,16.4,64.1,0.0,0
2026-06-09,14:52:18,0.0,0,16.4,64.0,0.0,0
2026-06-09,14:53:18,0.0,0,16.4,63.9,0.0,0
2026-06-09,14:54:18,0.0,0,16.4,63.9,0.0,0
2026-06-09,14:55:18,0.0,0,16.4,63.9,0.0,0
2026-06-09,14:56:18,0.0,0,16.4,63.8,0.0,0
2026-06-09,14:57:18,0.0,0,16.4,63.8,0.0,0
2026-06-09,14:58:18,0.0,0,16.5,63.8,0.0,0
2026-06-09,14:59:18,0.0,0,16.5,63.8,0.0,0
2026-06-09,15:00:18,0.0,0,16.5,63.7,0.0,0
2026-06-09,15:01:18,0.0,0,16.5,63.7,0.0,0
2026-06-09,15:02:18,0.0,0,16.5,63.7,0.0,0
2026-06-09,15:03:18,0.0,0,16.5,63.6,0.0,0
2026-06-09,15:04:19,0.0,0,16.5,63.7,0.0,0
2026-06-09,15:05:18,0.0,0,16.5,63.6,0.0,0
2026-06-09,15:06:19,0.0,0,16.5,63.5,0.0,0
2026-06-09,15:07:19,0.0,0,16.6,63.5,0.0,0
2026-06-09,15:08:19,0.0,0,16.5,63.5,0.0,0
2026-06-09,15:09:19,0.0,0,16.5,63.5,0.0,0
2026-06-09,15:10:19,0.0,0,16.6,63.6,0.0,0
2026-06-09,15:11:19,0.0,0,16.6,63.6,0.0,0
2026-06-09,15:12:19,0.0,0,16.6,63.6,0.0,0
2026-06-09,15:13:19,0.0,0,16.6,63.5,0.0,0
2026-06-09,15:14:19,0.0,0,16.6,63.5,0.0,0
2026-06-09,15:15:19,0.0,0,16.6,63.5,0.0,0
2026-06-09,15:16:19,0.0,0,16.6,63.5,0.0,0
2026-06-09,15:17:19,0.0,0,16.6,63.4,0.0,0
2026-06-09,15:18:19,0.0,0,16.6,63.4,0.0,0
2026-06-09,15:19:19,0.0,0,16.6,63.4,0.0,0
2026-06-09,15:20:20,0.0,0,16.6,63.3,0.0,0
2026-06-09,15:21:20,0.0,0,16.6,63.4,0.0,0
2026-06-09,15:22:20,0.0,0,16.6,63.4,0.0,0
2026-06-09,15:23:20,0.0,0,16.6,63.3,0.0,0
2026-06-09,15:24:20,0.0,0,16.6,63.4,0.0,0
2026-06-09,15:25:20,0.0,0,16.6,63.3,0.0,0
2026-06-09,15:26:20,0.0,0,16.6,63.3,0.0,0
2026-06-09,15:27:20,0.0,0,16.6,63.3,0.0,0
2026-06-09,15:28:20,0.0,0,16.7,63.3,0.0,0
2026-06-09,15:29:20,0.0,0,16.7,63.2,0.0,0
2026-06-09,15:30:20,0.0,0,16.7,63.2,0.0,0
2026-06-09,15:31:20,0.0,0,16.7,63.3,0.0,0
2026-06-09,15:32:20,0.0,0,16.7,63.3,0.0,0
2026-06-09,15:33:20,0.0,0,16.7,63.3,0.0,0
2026-06-09,15:34:20,0.0,0,16.6,63.3,0.0,0
2026-06-09,15:35:20,0.0,0,16.7,63.3,0.0,0
2026-06-09,15:36:20,0.0,0,16.7,63.3,0.0,0
2026-06-09,15:37:21,0.0,0,16.7,63.3,0.0,0
2026-06-09,15:38:21,0.0,0,16.7,63.2,0.0,0
2026-06-09,15:39:21,0.0,0,16.7,63.3,0.0,0
2026-06-09,15:40:21,0.0,0,16.7,63.2,0.0,0
2026-06-09,15:41:21,0.0,0,16.7,63.2,0.0,0
2026-06-09,15:42:21,0.0,0,16.7,63.2,0.0,0
2026-06-09,15:43:21,0.0,0,16.7,63.2,0.0,0
2026-06-09,15:44:21,0.0,0,16.7,63.2,0.0,0
2026-06-09,15:45:21,0.0,0,16.7,63.3,0.0,0
2026-06-09,15:46:21,0.0,0,16.7,63.2,0.0,0
2026-06-09,15:47:21,0.0,0,16.7,63.2,0.0,0
2026-06-09,15:48:21,0.0,0,16.7,63.3,0.0,0
2026-06-09,15:49:21,0.0,0,16.7,63.3,0.0,0
2026-06-09,15:50:21,0.0,0,16.8,63.3,0.0,0
2026-06-09,15:51:22,0.0,0,16.8,63.4,0.0,0
2026-06-09,15:52:22,0.0,0,16.8,63.3,0.0,0
2026-06-09,15:53:22,0.0,0,16.8,63.4,0.0,0
2026-06-09,15:54:22,0.0,0,16.8,63.4,0.0,0
2026-06-09,15:55:22,0.0,0,16.8,63.3,0.0,0
2026-06-09,15:56:22,0.0,0,16.8,63.4,0.0,0
2026-06-09,15:57:22,0.0,0,16.8,63.4,0.0,0
2026-06-09,15:58:22,0.0,0,16.8,63.3,0.0,0
2026-06-09,15:59:22,0.0,0,16.8,63.4,0.0,0
2026-06-09,16:00:22,0.0,0,16.8,63.4,0.0,0
2026-06-09,16:01:22,0.0,0,16.8,63.5,0.0,0
2026-06-09,16:02:22,0.0,0,16.8,63.5,0.0,0
2026-06-09,16:03:22,0.0,0,16.8,63.4,0.0,0
2026-06-09,16:04:22,0.0,0,16.9,63.4,0.0,0
2026-06-09,16:05:22,0.0,0,16.9,63.3,0.0,0
2026-06-09,16:06:22,0.0,0,16.9,63.3,0.0,0
2026-06-09,16:07:23,0.0,0,16.9,63.2,0.0,0
2026-06-09,16:08:23,0.0,0,16.9,63.3,0.0,0
2026-06-09,16:09:23,0.0,0,16.9,63.2,0.0,0
2026-06-09,16:10:23,0.0,0,16.9,63.3,0.0,0
2026-06-09,16:11:23,0.0,0,16.9,63.3,0.0,0
2026-06-09,16:12:23,0.0,0,16.9,63.2,0.0,0
2026-06-09,16:13:23,0.0,0,16.9,63.1,0.0,0
2026-06-09,16:14:23,0.0,0,16.9,63.2,0.0,0
2026-06-09,16:15:23,0.0,0,16.9,63.3,0.0,0
2026-06-09,16:16:23,0.0,0,16.9,63.3,0.0,0
2026-06-09,16:17:23,0.0,0,16.9,63.2,0.0,0
2026-06-09,16:18:23,0.0,0,16.9,63.2,0.0,0
2026-06-09,16:19:23,0.0,0,16.9,63.2,0.0,0
2026-06-09,16:20:23,0.0,0,16.9,63.2,0.0,0
2026-06-09,16:21:23,0.0,0,16.9,63.2,0.0,0
2026-06-09,16:22:23,0.0,0,16.9,63.2,0.0,0
2026-06-09,16:23:24,0.0,0,16.9,63.2,0.0,0
2026-06-09,16:24:24,0.0,0,16.9,63.2,0.0,0
2026-06-09,16:25:24,0.0,0,16.9,63.2,0.0,0
2026-06-09,16:26:24,0.0,0,16.9,63.2,0.0,0
2026-06-09,16:27:24,0.0,0,16.9,63.1,0.0,0
2026-06-09,16:28:24,0.0,0,16.9,63.2,0.0,0
2026-06-09,16:29:24,0.0,0,16.9,63.1,0.0,0
2026-06-09,16:30:24,0.0,0,16.9,63.1,0.0,0
2026-06-09,16:31:24,0.0,0,16.9,63.1,0.0,0
2026-06-09,16:32:24,0.0,0,16.9,63.1,0.0,0
2026-06-09,16:33:24,0.0,0,16.9,63.1,0.0,0
2026-06-09,16:34:24,0.0,0,16.9,63.1,0.0,0
2026-06-09,16:35:24,0.0,0,16.9,63.1,0.0,0
2026-06-09,16:36:24,0.0,0,16.9,63.1,0.0,0
2026-06-09,16:37:25,0.0,0,16.9,63.1,0.0,0
2026-06-09,16:38:24,0.0,0,16.9,63.1,0.0,0
2026-06-09,16:39:25,0.0,0,16.9,63.1,0.0,0
2026-06-09,16:40:25,0.0,0,16.9,63.1,0.0,0
2026-06-09,16:41:25,0.0,0,16.9,63.1,0.0,0
2026-06-09,16:42:25,0.0,0,16.9,63.1,0.0,0
2026-06-09,16:43:25,0.0,0,16.9,63.0,0.0,0
2026-06-09,16:44:25,0.0,0,16.9,63.1,0.0,0
2026-06-09,16:45:25,0.0,0,16.9,63.1,0.0,0
2026-06-09,16:46:25,0.0,0,16.9,63.1,0.0,0
2026-06-09,16:47:25,0.0,0,16.9,63.1,0.0,0
2026-06-09,16:48:25,0.0,0,16.9,63.1,0.0,0
2026-06-09,16:49:25,0.0,0,16.9,63.1,0.0,0
2026-06-09,16:50:25,0.0,0,16.9,63.1,0.0,0
2026-06-09,16:51:25,0.0,0,16.9,63.0,0.0,0
2026-06-09,16:52:26,0.0,0,16.9,63.1,0.0,0
2026-06-09,16:53:25,0.0,0,16.9,63.0,0.0,0
2026-06-09,16:54:25,0.0,0,16.9,63.0,0.0,0
2026-06-09,16:55:26,0.0,0,16.9,63.2,0.0,0
2026-06-09,16:56:26,0.0,0,16.9,63.1,0.0,0
2026-06-09,16:57:26,0.0,0,16.9,63.0,0.0,0
2026-06-09,16:58:26,0.0,0,16.9,63.0,0.0,0
2026-06-09,16:59:26,0.0,0,16.9,63.0,0.0,0
2026-06-09,17:00:26,0.0,0,16.9,63.0,0.0,0
2026-06-09,17:01:26,0.0,0,16.9,63.0,0.0,0
2026-06-09,17:02:26,0.0,0,16.9,63.0,0.0,0
2026-06-09,17:03:26,0.0,0,16.9,63.1,0.0,0
2026-06-09,17:04:26,0.0,0,16.9,63.1,0.0,0
2026-06-09,17:05:26,0.0,0,16.9,63.0,0.0,0
2026-06-09,17:06:26,0.0,0,16.9,63.1,0.0,0
2026-06-09,17:07:26,0.0,0,16.9,63.0,0.0,0
2026-06-09,17:08:26,0.0,0,16.9,63.1,0.0,0
2026-06-09,17:09:26,0.0,0,16.9,63.1,0.0,0
2026-06-09,17:10:27,0.0,0,16.9,63.2,0.0,0
2026-06-09,17:11:27,0.0,0,16.9,63.2,0.0,0
2026-06-09,17:12:27,0.0,0,16.9,63.1,0.0,0
2026-06-09,17:13:27,0.0,0,16.9,63.1,0.0,0
2026-06-09,17:14:27,0.0,0,16.9,63.3,0.0,0
2026-06-09,17:15:27,0.0,0,16.9,63.2,0.0,0
2026-06-09,17:16:27,0.0,0,16.9,63.4,0.0,0
2026-06-09,17:17:27,0.0,0,16.9,63.6,0.0,0
2026-06-09,17:18:27,0.0,0,16.9,63.4,0.0,0
2026-06-09,17:19:27,0.0,0,16.9,63.4,0.0,0
2026-06-09,17:20:27,0.0,0,16.9,63.5,0.0,0
2026-06-09,17:21:27,0.0,0,16.9,63.5,0.0,0
2026-06-09,17:22:27,0.0,0,16.9,63.4,0.0,0
2026-06-09,17:23:28,0.0,0,16.9,63.3,0.0,0
2026-06-09,17:24:28,0.0,0,16.9,63.4,0.0,0
2026-06-09,17:25:28,0.0,0,16.9,63.3,0.0,0
2026-06-09,17:26:28,0.0,0,16.9,63.4,0.0,0
2026-06-09,17:27:28,0.0,0,16.9,63.2,0.0,0
2026-06-09,17:28:28,0.0,0,16.9,63.2,0.0,0
2026-06-09,17:29:28,0.0,0,16.9,63.3,0.0,0
2026-06-09,17:30:28,0.0,0,16.9,63.3,0.0,0
2026-06-09,17:31:28,0.0,0,17.0,63.2,0.0,0
2026-06-09,17:32:28,0.0,0,16.9,63.1,0.0,0
2026-06-09,17:33:28,0.0,0,16.9,63.1,0.0,0
2026-06-09,17:34:28,0.0,0,16.9,63.1,0.0,0
2026-06-09,17:35:28,0.0,0,16.9,63.1,0.0,0
2026-06-09,17:36:28,0.0,0,16.9,63.0,0.0,0
2026-06-09,17:37:29,0.0,0,16.9,63.0,0.0,0
2026-06-09,17:38:28,0.0,0,16.9,63.1,0.0,0
2026-06-09,17:39:29,0.0,0,16.9,63.0,0.0,0
2026-06-09,17:40:29,0.0,0,16.9,63.0,0.0,0
2026-06-09,17:41:29,0.0,0,16.9,63.1,0.0,0
2026-06-09,17:42:29,0.0,0,16.8,63.0,0.0,0
2026-06-09,17:43:29,0.0,0,16.9,63.0,0.0,0
2026-06-09,17:44:29,0.0,0,16.9,63.1,0.0,0
2026-06-09,17:45:29,0.0,0,16.8,63.1,0.0,0
2026-06-09,17:46:29,0.0,0,16.8,63.1,0.0,0
2026-06-09,17:47:29,0.0,0,16.8,63.2,0.0,0
2026-06-09,17:48:29,0.0,0,16.8,63.2,0.0,0
2026-06-09,17:49:29,0.0,0,16.8,63.2,0.0,0
2026-06-09,17:50:29,0.0,0,16.8,63.2,0.0,0
2026-06-09,17:51:29,0.0,0,16.8,63.3,0.0,0
2026-06-09,17:52:29,0.0,0,16.7,63.3,0.0,0
2026-06-09,17:53:29,0.0,0,16.7,63.5,0.0,0
2026-06-09,17:54:30,0.0,0,16.7,63.4,0.0,0
2026-06-09,17:55:30,0.0,0,16.7,63.5,0.0,0
2026-06-09,17:56:30,0.0,0,16.7,63.5,0.0,0
2026-06-09,17:57:30,0.0,0,16.7,63.5,0.0,0
2026-06-09,17:58:30,0.0,0,16.7,63.5,0.0,0
2026-06-09,17:59:30,0.0,0,16.7,63.6,0.0,0
2026-06-09,18:00:30,0.0,0,16.7,63.5,0.0,0
2026-06-09,18:01:30,0.0,0,16.7,63.5,0.0,0
2026-06-09,18:02:30,0.0,0,16.7,63.5,0.0,0
2026-06-09,18:03:30,0.0,0,16.7,63.6,0.0,0
2026-06-09,18:04:30,0.0,0,16.7,63.5,0.0,0
2026-06-09,18:05:30,0.0,0,16.7,63.6,0.0,0
2026-06-09,18:06:30,0.0,0,16.7,63.5,0.0,0
2026-06-09,18:07:30,0.0,0,16.7,63.5,0.0,0
2026-06-09,18:08:30,0.0,0,16.7,63.5,0.0,0
2026-06-09,18:09:30,0.0,0,16.6,63.6,0.0,0
2026-06-09,18:10:30,0.0,0,16.6,63.6,0.0,0
2026-06-09,18:11:31,0.0,0,16.6,63.5,0.0,0
2026-06-09,18:12:31,0.0,0,16.6,63.5,0.0,0
2026-06-09,18:13:31,0.0,0,16.7,63.6,0.0,0
2026-06-09,18:14:31,0.0,0,16.6,63.6,0.0,0
2026-06-09,18:15:31,0.0,0,16.6,63.5,0.0,0
2026-06-09,18:16:31,0.0,0,16.6,63.6,0.0,0
2026-06-09,18:17:31,0.0,0,16.6,63.5,0.0,0
2026-06-09,18:18:31,0.0,0,16.6,63.7,0.0,0
2026-06-09,18:19:31,0.0,0,16.6,63.8,0.0,0
2026-06-09,18:20:31,0.0,0,16.6,63.6,0.0,0
2026-06-09,18:21:31,0.0,0,16.6,63.6,0.0,0
2026-06-09,18:22:31,0.0,0,16.6,63.6,0.0,0
2026-06-09,18:23:31,0.0,0,16.6,63.6,0.0,0
2026-06-09,18:24:31,0.0,0,16.6,63.6,0.0,0
2026-06-09,18:25:31,0.0,0,16.6,63.6,0.0,0
2026-06-09,18:26:32,0.0,0,16.6,63.6,0.0,0
2026-06-09,18:27:32,0.0,0,16.6,63.7,0.0,0
2026-06-09,18:28:32,0.0,0,16.5,63.7,0.0,0
2026-06-09,18:29:32,0.0,0,16.6,63.7,0.0,0
2026-06-09,18:30:32,0.0,0,16.6,63.7,0.0,0
2026-06-09,18:31:32,0.0,0,16.5,63.8,0.0,0
2026-06-09,18:32:32,0.0,0,16.5,63.8,0.0,0
2026-06-09,18:33:32,0.0,0,16.5,63.8,0.0,0
2026-06-09,18:34:32,0.0,0,16.5,63.8,0.0,0
2026-06-09,18:35:32,0.0,0,16.5,63.8,0.0,0
2026-06-09,18:36:32,0.0,0,16.5,63.8,0.0,0
2026-06-09,18:37:32,0.0,0,16.6,63.9,0.0,0
2026-06-09,18:38:32,0.0,0,16.6,63.9,0.0,0
2026-06-09,18:39:32,0.0,0,16.5,63.8,0.0,0
2026-06-09,18:40:32,0.0,0,16.5,63.9,0.0,0
2026-06-09,18:41:32,0.0,0,16.5,63.8,0.0,0
2026-06-09,18:42:33,0.0,0,16.5,63.9,0.0,0
2026-06-09,18:43:33,0.0,0,16.5,63.9,0.0,0
2026-06-09,18:44:33,0.0,0,16.5,63.9,0.0,0
2026-06-09,18:45:33,0.0,0,16.6,63.7,0.0,0
2026-06-09,18:46:33,0.0,0,16.5,63.8,0.0,0
2026-06-09,18:47:33,0.0,0,16.6,63.7,0.0,0
2026-06-09,18:48:33,0.0,0,16.5,63.8,0.0,0
2026-06-09,18:49:33,0.0,0,16.5,63.7,0.0,0
2026-06-09,18:50:33,0.0,0,16.5,63.7,0.0,0
2026-06-09,18:51:33,0.0,0,16.5,63.7,0.0,0
2026-06-09,18:52:33,0.0,0,16.5,63.7,0.0,0
2026-06-09,18:53:33,0.0,0,16.5,63.8,0.0,0
2026-06-09,18:54:33,0.0,0,16.5,63.8,0.0,0
2026-06-09,18:55:33,0.0,0,16.5,63.8,0.0,0
2026-06-09,18:56:33,0.0,0,16.5,63.8,0.0,0
2026-06-09,18:57:33,0.0,0,16.5,63.8,0.0,0
2026-06-09,18:58:33,0.0,0,16.5,63.8,0.0,0
2026-06-09,18:59:34,0.0,0,16.5,63.9,0.0,0
2026-06-09,19:00:34,0.0,0,16.5,63.9,0.0,0
2026-06-09,19:01:34,0.0,0,16.5,63.9,0.0,0
2026-06-09,19:02:34,0.0,0,16.5,63.9,0.0,0
2026-06-09,19:03:34,0.0,0,16.5,63.9,0.0,0
2026-06-09,19:04:34,0.0,0,16.5,63.9,0.0,0
2026-06-09,19:05:34,0.0,0,16.5,64.0,0.0,0
2026-06-09,19:06:34,0.0,0,16.5,64.0,0.0,0
2026-06-09,19:07:34,0.0,0,16.5,64.0,0.0,0
2026-06-09,19:08:34,0.0,0,16.5,63.9,0.0,0
2026-06-09,19:09:34,0.0,0,16.5,63.9,0.0,0
2026-06-09,19:10:34,0.0,0,16.5,63.9,0.0,0
2026-06-09,19:11:34,0.0,0,16.5,63.9,0.0,0
2026-06-09,19:12:34,0.0,0,16.4,63.9,0.0,0
2026-06-09,19:13:34,0.0,0,16.5,64.0,0.0,0
2026-06-09,19:14:34,0.0,0,16.5,64.0,0.0,0
2026-06-09,19:15:35,0.0,0,16.5,63.9,0.0,0
2026-06-09,19:16:35,0.0,0,16.5,63.9,0.0,0
2026-06-09,19:17:34,0.0,0,16.5,63.9,0.0,0
2026-06-09,19:18:35,0.0,0,16.5,64.0,0.0,0
2026-06-09,19:19:35,0.0,0,16.5,64.0,0.0,0
2026-06-09,19:20:35,0.0,0,16.5,64.0,0.0,0
2026-06-09,19:21:35,0.0,0,16.5,63.9,0.0,0
2026-06-09,19:22:35,0.0,0,16.5,63.9,0.0,0
2026-06-09,19:23:35,0.0,0,16.5,63.9,0.0,0
2026-06-09,19:24:35,0.0,0,16.4,63.9,0.0,0
2026-06-09,19:25:35,0.0,0,16.4,63.9,0.0,0
2026-06-09,19:26:35,0.0,0,16.4,63.9,0.0,0
2026-06-09,19:27:35,0.0,0,16.5,63.9,0.0,0
2026-06-09,19:28:35,0.0,0,16.5,63.8,0.0,0
2026-06-09,19:29:35,0.0,0,16.5,63.9,0.0,0
2026-06-09,19:30:35,0.0,0,16.4,63.8,0.0,0
2026-06-09,19:31:35,0.0,0,16.5,63.9,0.0,0
2026-06-09,19:32:35,0.0,0,16.4,63.8,0.0,0
2026-06-09,19:33:36,0.0,0,16.4,63.9,0.0,0
2026-06-09,19:34:36,0.0,0,16.4,63.8,0.0,0
2026-06-09,19:35:36,0.0,0,16.4,63.7,0.0,0
2026-06-09,19:36:36,0.0,0,16.4,63.7,0.0,0
2026-06-09,19:37:36,0.0,0,16.4,63.8,0.0,0
2026-06-09,19:38:36,0.0,0,16.5,63.7,0.0,0
2026-06-09,19:39:36,0.0,0,16.4,63.7,0.0,0
2026-06-09,19:40:36,0.0,0,16.4,63.7,0.0,0
2026-06-09,19:41:36,0.0,0,16.4,63.7,0.0,0
2026-06-09,19:42:36,0.0,0,16.4,63.8,0.0,0
2026-06-09,19:43:36,0.0,0,16.4,63.7,0.0,0
2026-06-09,19:44:36,0.0,0,16.4,63.7,0.0,0
2026-06-09,19:45:36,0.0,0,16.4,63.7,0.0,0
2026-06-09,19:46:36,0.0,0,16.4,63.7,0.0,0
2026-06-09,19:47:36,0.0,0,16.4,63.7,0.0,0
2026-06-09,19:48:36,0.0,0,16.4,63.7,0.0,0
2026-06-09,19:49:36,0.0,0,16.4,63.7,0.0,0
2026-06-09,19:50:37,0.0,0,16.4,63.7,0.0,0
2026-06-09,19:51:37,0.0,0,16.4,63.7,0.0,0
2026-06-09,19:52:37,0.0,0,16.4,63.7,0.0,0
2026-06-09,19:53:37,0.0,0,16.4,63.7,0.0,0
2026-06-09,19:54:37,0.0,0,16.4,63.7,0.0,0
2026-06-09,19:55:37,0.0,0,16.4,63.7,0.0,0
2026-06-09,19:56:37,0.0,0,16.4,63.7,0.0,0
2026-06-09,19:57:37,0.0,0,16.4,63.7,0.0,0
2026-06-09,19:58:37,0.0,0,16.4,63.8,0.0,0
2026-06-09,19:59:37,0.0,0,16.4,63.7,0.0,0
2026-06-09,20:00:37,0.0,0,16.4,63.7,0.0,0
2026-06-09,20:01:37,0.0,0,16.4,63.6,0.0,0
2026-06-09,20:02:37,0.0,0,16.4,63.7,0.0,0
2026-06-09,20:03:37,0.0,0,16.4,63.7,0.0,0
2026-06-09,20:04:37,0.0,0,16.4,63.7,0.0,0
2026-06-09,20:05:37,0.0,0,16.3,63.6,0.0,0
2026-06-09,20:06:37,0.0,0,16.4,63.6,0.0,0
2026-06-09,20:07:38,0.0,0,16.4,63.6,0.0,0
2026-06-09,20:08:38,0.0,0,16.4,63.7,0.0,0
2026-06-09,20:09:38,0.0,0,16.4,63.7,0.0,0
2026-06-09,20:10:38,0.0,0,16.4,63.7,0.0,0
2026-06-09,20:11:38,0.0,0,16.4,63.7,0.0,0
2026-06-09,20:12:38,0.0,0,16.4,63.7,0.0,0
2026-06-09,20:13:38,0.0,0,16.4,63.7,0.0,0
2026-06-09,20:14:38,0.0,0,16.4,63.7,0.0,0
2026-06-09,20:15:38,0.0,0,16.4,63.7,0.0,0
2026-06-09,20:16:38,0.0,0,16.4,63.8,0.0,0
2026-06-09,20:17:38,0.0,0,16.4,63.8,0.0,0
2026-06-09,20:18:38,0.0,0,16.4,63.6,0.0,0
2026-06-09,20:19:38,0.0,0,16.4,63.7,0.0,0
2026-06-09,20:20:38,0.0,0,16.4,63.8,0.0,0
2026-06-09,20:21:38,0.0,0,16.4,63.9,0.0,0
2026-06-09,20:22:39,0.0,0,16.4,63.8,0.0,0
2026-06-09,20:23:38,0.0,0,16.4,63.8,0.0,0
2026-06-09,20:24:39,0.0,0,16.4,63.8,0.0,0
2026-06-09,20:25:39,0.0,0,16.4,63.8,0.0,0
2026-06-09,20:26:39,0.0,0,16.4,63.9,0.0,0
2026-06-09,20:27:39,0.0,0,16.4,63.8,0.0,0
2026-06-09,20:28:39,0.0,0,16.4,63.8,0.0,0
2026-06-09,20:29:39,0.0,0,16.4,63.8,0.0,0
2026-06-09,20:30:39,0.0,0,16.4,63.9,0.0,0
2026-06-09,20:31:39,0.0,0,16.4,63.9,0.0,0
2026-06-09,20:32:39,0.0,0,16.4,63.8,0.0,0
2026-06-09,20:33:39,0.0,0,16.4,63.9,0.0,0
2026-06-09,20:34:39,0.0,0,16.4,63.9,0.0,0
2026-06-09,20:35:39,0.0,0,16.4,63.9,0.0,0
2026-06-09,20:36:39,0.0,0,16.4,63.9,0.0,0
2026-06-09,20:37:39,0.0,0,16.4,63.8,0.0,0
2026-06-09,20:38:39,0.0,0,16.4,63.9,0.0,0
2026-06-09,20:39:40,0.0,0,16.4,63.8,0.0,0
2026-06-09,20:40:39,0.0,0,16.3,63.9,0.0,0
2026-06-09,20:41:40,0.0,0,16.3,63.8,0.0,0
2026-06-09,20:42:40,0.0,0,16.4,63.9,0.0,0
2026-06-09,20:43:40,0.0,0,16.4,63.9,0.0,0
2026-06-09,20:44:40,0.0,0,16.3,63.9,0.0,0
2026-06-09,20:45:40,0.0,0,16.3,64.0,0.0,0
2026-06-09,20:46:40,0.0,0,16.3,63.9,0.0,0
2026-06-09,20:47:40,0.0,0,16.3,64.0,0.0,0
2026-06-09,20:48:40,0.0,0,16.3,64.0,0.0,0
2026-06-09,20:49:40,0.0,0,16.3,64.0,0.0,0
2026-06-09,20:50:40,0.0,0,16.3,64.0,0.0,0
2026-06-09,20:51:40,0.0,0,16.4,64.0,0.0,0
2026-06-09,20:52:40,0.0,0,16.3,64.1,0.0,0
2026-06-09,20:53:40,0.0,0,16.3,64.1,0.0,0
2026-06-09,20:54:40,0.0,0,16.3,64.1,0.0,0
2026-06-09,20:55:40,0.0,0,16.3,64.1,0.0,0
2026-06-09,20:56:40,0.0,0,16.3,64.2,0.0,0
2026-06-09,20:57:41,0.0,0,16.3,64.2,0.0,0
2026-06-09,20:58:41,0.0,0,16.3,64.1,0.0,0
2026-06-09,20:59:41,0.0,0,16.3,64.2,0.0,0
2026-06-09,21:00:41,0.0,0,16.3,64.1,0.0,0
2026-06-09,21:01:41,0.0,0,16.3,64.1,0.0,0
2026-06-09,21:02:41,0.0,0,16.3,64.1,0.0,0
2026-06-09,21:03:41,0.0,0,16.3,64.2,0.0,0
2026-06-09,21:04:41,0.0,0,16.3,64.3,0.0,0
2026-06-09,21:05:41,0.0,0,16.3,64.2,0.0,0
2026-06-09,21:06:41,0.0,0,16.3,64.2,0.0,0
2026-06-09,21:07:41,0.0,0,16.3,64.3,0.0,0
2026-06-09,21:08:41,0.0,0,16.3,64.3,0.0,0
2026-06-09,21:09:41,0.0,0,16.3,64.3,0.0,0
2026-06-09,21:10:41,0.0,0,16.3,64.3,0.0,0
2026-06-09,21:11:41,0.0,0,16.3,64.3,0.0,0
2026-06-09,21:12:41,0.0,0,16.3,64.3,0.0,0
2026-06-09,21:13:41,0.0,0,16.3,64.3,0.0,0
2026-06-09,21:14:42,0.0,0,16.3,64.3,0.0,0
2026-06-09,21:15:42,0.0,0,16.3,64.4,0.0,0
2026-06-09,21:16:42,0.0,0,16.3,64.5,0.0,0
2026-06-09,21:17:42,0.0,0,16.3,64.3,0.0,0
2026-06-09,21:18:42,0.0,0,16.3,64.4,0.0,0
2026-06-09,21:19:42,0.0,0,16.3,64.4,0.0,0
2026-06-09,21:20:42,0.0,0,16.3,64.4,0.0,0
2026-06-09,21:21:42,0.0,0,16.3,64.5,0.0,0
2026-06-09,21:22:42,0.0,0,16.3,64.4,0.0,0
2026-06-09,21:23:42,0.0,0,16.3,64.4,0.0,0
2026-06-09,21:24:42,0.0,0,16.3,64.5,0.0,0
2026-06-09,21:25:42,0.0,0,16.3,64.5,0.0,0
2026-06-09,21:26:42,0.0,0,16.3,64.5,0.0,0
2026-06-09,21:27:42,0.0,0,16.3,64.5,0.0,0
2026-06-09,21:28:42,0.0,0,16.3,64.5,0.0,0
2026-06-09,21:29:43,0.0,0,16.3,64.5,0.0,0
2026-06-09,21:30:43,0.0,0,16.3,64.5,0.0,0
2026-06-09,21:31:43,0.0,0,16.3,64.5,0.0,0
2026-06-09,21:32:43,0.0,0,16.3,64.5,0.0,0
2026-06-09,21:33:43,0.0,0,16.3,64.5,0.0,0
2026-06-09,21:34:43,0.0,0,16.3,64.4,0.0,0
2026-06-09,21:35:43,0.0,0,16.3,64.5,0.0,0
2026-06-09,21:36:43,0.0,0,16.3,64.5,0.0,0
2026-06-09,21:37:43,0.0,0,16.3,64.5,0.0,0
2026-06-09,21:38:43,0.0,0,16.3,64.5,0.0,0
2026-06-09,21:39:43,0.0,0,16.3,64.6,0.0,0
2026-06-09,21:40:43,0.0,0,16.3,64.5,0.0,0
2026-06-09,21:41:43,0.0,0,16.3,64.6,0.0,0
2026-06-09,21:42:43,0.0,0,16.3,64.6,0.0,0
2026-06-09,21:43:43,0.0,0,16.3,64.6,0.0,0
2026-06-09,21:44:44,0.0,0,16.2,64.6,0.0,0
2026-06-09,21:45:43,0.0,0,16.2,64.5,0.0,0
2026-06-09,21:46:44,0.0,0,16.3,64.6,0.0,0
2026-06-09,21:47:44,0.0,0,16.2,64.5,0.0,0
2026-06-09,21:48:44,0.0,0,16.3,64.5,0.0,0
2026-06-09,21:49:44,0.0,0,16.2,64.6,0.0,0
2026-06-09,21:50:44,0.0,0,16.2,64.6,0.0,0
2026-06-09,21:51:44,0.0,0,16.2,64.6,0.0,0
2026-06-09,21:52:44,0.0,0,16.2,64.6,0.0,0
2026-06-09,21:53:44,0.0,0,16.2,64.5,0.0,0
2026-06-09,21:54:44,0.0,0,16.2,64.6,0.0,0
2026-06-09,21:55:44,0.0,0,16.3,64.6,0.0,0
2026-06-09,21:56:44,0.0,0,16.2,64.6,0.0,0
2026-06-09,21:57:44,0.0,0,16.2,64.6,0.0,0
2026-06-09,21:58:44,0.0,0,16.2,64.6,0.0,0
2026-06-09,21:59:44,0.0,0,16.2,64.6,0.0,0
2026-06-09,22:00:44,0.0,0,16.2,64.6,0.0,0
2026-06-09,22:01:44,0.0,0,16.2,64.7,0.0,0
2026-06-09,22:02:45,0.0,0,16.2,64.7,0.0,0
2026-06-09,22:03:45,0.0,0,16.2,64.6,0.0,0
2026-06-09,22:04:45,0.0,0,16.3,64.6,0.0,0
2026-06-09,22:05:45,0.0,0,16.2,64.7,0.0,0
2026-06-09,22:06:45,0.0,0,16.2,64.6,0.0,0
2026-06-09,22:07:45,0.0,0,16.3,64.7,0.0,0
2026-06-09,22:08:45,0.0,0,16.3,64.7,0.0,0
2026-06-09,22:09:45,0.0,0,16.3,64.7,0.0,0
2026-06-09,22:10:45,0.0,0,16.2,64.7,0.0,0
2026-06-09,22:11:45,0.0,0,16.2,64.7,0.0,0
2026-06-09,22:12:45,0.0,0,16.3,64.7,0.0,0
2026-06-09,22:13:45,0.0,0,16.2,64.6,0.0,0
2026-06-09,22:14:45,0.0,0,16.3,64.6,0.0,0
2026-06-09,22:15:46,0.0,0,16.2,64.6,0.0,0
2026-06-09,22:16:46,0.0,0,16.2,64.7,0.0,0
2026-06-09,22:17:46,0.0,0,16.2,64.6,0.0,0
2026-06-09,22:18:46,0.0,0,16.3,64.6,0.0,0
2026-06-09,22:19:46,0.0,0,16.2,64.7,0.0,0
2026-06-09,22:20:46,0.0,0,16.2,64.7,0.0,0
2026-06-09,22:21:46,0.0,0,16.2,64.6,0.0,0
2026-06-09,22:22:46,0.0,0,16.3,64.7,0.0,0
2026-06-09,22:23:46,0.0,0,16.2,64.7,0.0,0
2026-06-09,22:24:46,0.0,0,16.2,64.7,0.0,0
2026-06-09,22:25:46,0.0,0,16.2,64.7,0.0,0
2026-06-09,22:26:46,0.0,0,16.2,64.7,0.0,0
2026-06-09,22:27:46,0.0,0,16.2,64.6,0.0,0
2026-06-09,22:28:46,0.0,0,16.2,64.6,0.0,0
2026-06-09,22:29:46,0.0,0,16.2,64.6,0.0,0
2026-06-09,22:30:47,0.0,0,16.2,64.6,0.0,0
2026-06-09,22:31:47,0.0,0,16.2,64.7,0.0,0
2026-06-09,22:32:47,0.0,0,16.2,64.6,0.0,0
2026-06-09,22:33:47,0.0,0,16.2,64.6,0.0,0
2026-06-09,22:34:47,0.0,0,16.2,64.6,0.0,0
2026-06-09,22:35:47,0.0,0,16.2,64.6,0.0,0
2026-06-09,22:36:47,0.0,0,16.2,64.6,0.0,0
2026-06-09,22:37:47,0.0,0,16.2,64.6,0.0,0
2026-06-09,22:38:47,0.0,0,16.2,64.6,0.0,0
2026-06-09,22:39:47,0.0,0,16.3,64.6,0.0,0
2026-06-09,22:40:47,0.0,0,16.2,64.5,0.0,0
2026-06-09,22:41:47,0.0,0,16.2,64.6,0.0,0
2026-06-09,22:42:47,0.0,0,16.3,64.5,0.0,0
2026-06-09,22:43:47,0.0,0,16.3,64.6,0.0,0
2026-06-09,22:44:47,0.0,0,16.2,64.6,0.0,0
2026-06-09,22:45:47,0.0,0,16.2,64.6,0.0,0
2026-06-09,22:46:47,0.0,0,16.3,64.6,0.0,0
2026-06-09,22:47:47,0.0,0,16.2,64.6,0.0,0
2026-06-09,22:48:48,0.0,0,16.2,64.6,0.0,0
2026-06-09,22:49:47,0.0,0,16.3,64.6,0.0,0
2026-06-09,22:50:48,0.0,0,16.2,64.6,0.0,0
2026-06-09,22:51:48,0.0,0,16.2,64.6,0.0,0
2026-06-09,22:52:48,0.0,0,16.2,64.6,0.0,0
2026-06-09,22:53:48,0.0,0,16.2,64.6,0.0,0
2026-06-09,22:54:48,0.0,0,16.2,64.6,0.0,0
2026-06-09,22:55:48,0.0,0,16.2,64.6,0.0,0
2026-06-09,22:56:48,0.0,0,16.2,64.6,0.0,0
2026-06-09,22:57:48,0.0,0,16.2,64.6,0.0,0
2026-06-09,22:58:48,0.0,0,16.2,64.5,0.0,0
2026-06-09,22:59:48,0.0,0,16.2,64.6,0.0,0
2026-06-09,23:00:48,0.0,0,16.2,64.6,0.0,0
2026-06-09,23:01:48,0.0,0,16.2,64.7,0.0,0
2026-06-09,23:02:48,0.0,0,16.2,64.6,0.0,0
2026-06-09,23:03:48,0.0,0,16.2,64.6,0.0,0
2026-06-09,23:04:48,0.0,0,16.2,64.6,0.0,0
2026-06-09,23:05:49,0.0,0,16.2,64.7,0.0,0
2026-06-09,23:06:49,0.0,0,16.2,64.6,0.0,0
2026-06-09,23:07:49,0.0,0,16.2,64.6,0.0,0
2026-06-09,23:08:49,0.0,0,16.2,64.7,0.0,0
2026-06-09,23:09:49,0.0,0,16.2,64.5,0.0,0
2026-06-09,23:10:49,0.0,0,16.2,64.6,0.0,0
2026-06-09,23:11:49,0.0,0,16.2,64.6,0.0,0
2026-06-09,23:12:49,0.0,0,16.2,64.7,0.0,0
2026-06-09,23:13:49,0.0,0,16.2,64.6,0.0,0
2026-06-09,23:14:49,0.0,0,16.2,64.6,0.0,0
2026-06-09,23:15:49,0.0,0,16.2,64.6,0.0,0
2026-06-09,23:16:49,0.0,0,16.2,64.6,0.0,0
2026-06-09,23:17:49,0.0,0,16.2,64.6,0.0,0
2026-06-09,23:18:49,0.0,0,16.2,64.5,0.0,0
2026-06-09,23:19:49,0.0,0,16.2,64.6,0.0,0
2026-06-09,23:20:49,0.0,0,16.2,64.6,0.0,0
2026-06-09,23:21:50,0.0,0,16.2,64.6,0.0,0
2026-06-09,23:22:50,0.0,0,16.2,64.6,0.0,0
2026-06-09,23:23:50,0.0,0,16.2,64.6,0.0,0
2026-06-09,23:24:50,0.0,0,16.2,64.7,0.0,0
2026-06-09,23:25:50,0.0,0,16.2,64.7,0.0,0
2026-06-09,23:26:50,0.0,0,16.2,64.6,0.0,0
2026-06-09,23:27:50,0.0,0,16.2,64.7,0.0,0
2026-06-09,23:28:50,0.0,0,16.2,64.6,0.0,0
2026-06-09,23:29:50,0.0,0,16.2,64.6,0.0,0
2026-06-09,23:30:50,0.0,0,16.2,64.6,0.0,0
2026-06-09,23:31:50,0.0,0,16.2,64.6,0.0,0
2026-06-09,23:32:50,0.0,0,16.2,64.6,0.0,0
2026-06-09,23:33:50,0.0,0,16.2,64.6,0.0,0
2026-06-09,23:34:50,0.0,0,16.2,64.6,0.0,0
2026-06-09,23:35:50,0.0,0,16.2,64.7,0.0,0
2026-06-09,23:36:50,0.0,0,16.2,64.6,0.0,0
2026-06-09,23:37:50,0.0,0,16.2,64.6,0.0,0
2026-06-09,23:38:51,0.0,0,16.2,64.6,0.0,0
2026-06-09,23:39:51,0.0,0,16.2,64.6,0.0,0
2026-06-09,23:40:51,0.0,0,16.2,64.6,0.0,0
2026-06-09,23:41:51,0.0,0,16.2,64.6,0.0,0
2026-06-09,23:42:51,0.0,0,16.2,64.6,0.0,0
2026-06-09,23:43:51,0.0,0,16.2,64.7,0.0,0
2026-06-09,23:44:51,0.0,0,16.2,64.6,0.0,0
2026-06-09,23:45:51,0.0,0,16.2,64.6,0.0,0
2026-06-09,23:46:51,0.0,0,16.2,64.6,0.0,0
2026-06-09,23:47:51,0.0,0,16.2,64.6,0.0,0
2026-06-09,23:48:51,0.0,0,16.2,64.6,0.0,0
2026-06-09,23:49:51,0.0,0,16.2,64.6,0.0,0
2026-06-09,23:50:51,0.0,0,16.2,64.6,0.0,0
2026-06-09,23:51:52,0.0,0,16.2,64.6,0.0,0
2026-06-09,23:52:52,0.0,0,16.2,64.6,0.0,0
2026-06-09,23:53:52,0.0,0,16.2,64.7,0.0,0
2026-06-09,23:54:52,0.0,0,16.2,64.6,0.0,0
2026-06-09,23:55:52,0.0,0,16.2,64.6,0.0,0
2026-06-09,23:56:52,0.0,0,16.2,64.6,0.0,0
2026-06-09,23:57:52,0.0,0,16.2,64.7,0.0,0
2026-06-09,23:58:52,0.0,0,16.2,64.6,0.0,0
2026-06-09,23:59:52,0.0,0,16.2,64.6,0.0,0
